NO,TC_No,TC_Type,주소발화위치,ITN_NORMALIZED_GT,NER_NORMALIZED_GT,행안부주소 
1,TC_001,"Type A
(1개턴)",1턴,"고객: 이게 주소가 혹시 월드컵로 165 다시 6 아니 165 다시 5하고 301호로 돼 있는 거 맞나요
상담사: 네 맞습니다
고객: 이게 작년 8월부터 우편청구서를 못받아서요 
상담사: 아 그러셨군요 
고객:뭐 혹시 작년 8월부터 이번 뭐 이거 2월달 거까지 다시 집으로 발송해 주실 수 있을까요
상담사: 네 물론 해 드릴 수 있습니다 주소는 동일하시구요","고객: 이게 주소가 혹시 [월드컵로:도로명] [165:건물본번]-[6:건물부번] 아니 [165:건물본번]-[ 5:건물부번]하고 [301:호정보]호로 돼 있는 거 맞나요
상담사: 네 맞습니다
고객: 이게 작년 8월부터 우편청구서를 못받아서요 
상담사: 아 그러셨군요 
고객:뭐 혹시 작년 8월부터 이번 뭐 이거 2월달 거까지 다시 집으로 발송해 주실 수 있을까요
상담사: 네 물론 해 드릴 수 있습니다 주소는 동일하시구요",
2,TC_002,"Type A
(1개턴)",1턴,"고객: 주소가 인천 남동구 구월남로 280이구요
상담사: 확인 감사합니다.
고객: 그럼 여기로 이번달  청구서 오나요?
상담사: 변경한 주소로 5월 청구서 재발송해드리겠습니다.
고객: 언제 청구서 도착하나요? 
상담사: 지금 재발송 해드려서 2일후에 받으실 수 있습니다.","고객: 주소가 [인천:시도명] [남동구:시군구명] [구월남로:도로명] [280:건물본번]이구요
상담사: 확인 감사합니다.
고객: 그럼 여기로 이번달  청구서 오나요?
상담사: 변경한 주소로 5월 청구서 재발송해드리겠습니다.
고객: 언제 청구서 도착하나요? 
상담사: 지금 재발송 해드려서 2일후에 받으실 수 있습니다.",
3,TC_003,"Type A
(1개턴)",1턴,"고객: 여기 주소가 부산 남구 장고개로 69인데요
상담사: 네에
고객: 티비 화면이 안나오고 말로만 나오더니 오늘 아침에 켜보니까
상담사: 예
고객: 전혀 되지가 않네요 
상담사: 어 TV가 전혀 안돼서 많이 불편하셨겠습니다. 제가 확인해서 책임지고 도움드리겠습니다.","고객: 여기 주소가 [부산:시도명] [남구:시군구명] [장고개로:도로명] [69:건물본번]인데요
상담사: 네에
고객: 티비 화면이 안나오고 말로만 나오더니 오늘 아침에 켜보니까
상담사: 예
고객: 전혀 되지가 않네요 
상담사: 어 TV가 전혀 안돼서 많이 불편하셨겠습니다. 제가 확인해서 책임지고 도움드리겠습니다. ",
4,TC_004,"Type A
(1개턴)",1턴,"고객: 김제시 도작로 93번지인데요 혹시  잘 들리시나요?
상담사: 아 예 잘 들리고 있습니다.
고객: 아 그래요 오늘 기사님이 왔다 가셨는데요 
상담사: 네에
고객: 어제 상담원께서 LG 자체적인 문제가 아니라서 출장비가 나올수있다고 했거든요
상담사: 네","고객: [김제시:시군구명] [도작로:도로명] [93:건물본번]번지인데요 혹시  잘 들리시나요?
상담사: 아 예 잘 들리고 있습니다.
고객: 아 그래요 오늘 기사님이 왔다 가셨는데요 
상담사: 네에
고객: 어제 상담원께서 LG 자체적인 문제가 아니라서 출장비가 나올수있다고 했거든요
상담사: 네",
5,TC_005,"Type A
(1개턴)",2턴,"상담사: 그러시면 주소지를 무슨시 무슨 구 무슨 동까지만 말씀 부탁드리겠습니다
고객: 아 동두천시 중앙로 41 
상담사: 네에
상담사: 확인 감사합니다 고객님 우리 배우자님께서는 5월 31일까지 선택 약정 등록이 되어 있기 때문에 보통 2달 분에 네 문자 발송해 드리고 있어서 2달 전에 받아보시고 재약정하실 수가 있습니다
고객: 아 그래요
고객: 지금 바로 신청이 안된다는거죠?","상담사: 그러시면 주소지를 무슨시 무슨 구 무슨 동까지만 말씀 부탁드리겠습니다
고객: 아 [동두천시:시군구명] [중앙로 :도로명] [41:건물본번] 
상담사: 네에
상담사: 확인 감사합니다 고객님 우리 배우자님께서는 5월 31일까지 선택 약정 등록이 되어 있기 때문에 보통 2달 분에 네 문자 발송해 드리고 있어서 2달 전에 받아보시고 재약정하실 수가 있습니다
고객: 아 그래요
고객: 지금 바로 신청이 안된다는거죠?",
6,TC_006,"Type A
(1개턴)",2턴,"상담사: 아 그러세요 아니시면 주 주소를 혹시 말씀해 주실 수 있나요
고객: 세종시 반곡1길 9
상담사: 네 감사합니다 확인해 보겠습니다 잠시만 기다려 주시겠습니까 
고객: 네
상담사: 기다려 주셔서 감사합니다 사용 중이신 인터넷에 지난달 요금이 53,390원입니다.
고객: 음","상담사: 아 그러세요 아니시면 주 주소를 혹시 말씀해 주실 수 있나요
고객: [세종시:시도명] [반곡1길:도로명] [9:건물본번]
상담사: 네 감사합니다 확인해 보겠습니다 잠시만 기다려 주시겠습니까 
고객: 네
상담사: 기다려 주셔서 감사합니다 사용 중이신 인터넷에 지난달 요금이 53,390원입니다.
고객: 음",
7,TC_007,"Type A
(1개턴)",2턴,"상담사: 고객님 저희 상품 설치되어 있는 주소 확인 부탁드리겠습니다
고객: 어 새롬중앙로 19 505동 2302호요
상담사: 네 확인 너무 감사합니다.
고객: 이게 두개 결합하면 결합 할인이 들어간다고 신청했는데 잘 처리되었는지 궁금해서요
상담사: 예 고객님 현재 확인 시에 고객님 인터넷과 알뜰폰이 26년도 4월 24일 날짜로 정확하게 결합 처리 잘 되어 있어서 안심하셔도 됩니다. 
고객: 아 그래요","상담사: 고객님 저희 상품 설치되어 있는 주소 확인 부탁드리겠습니다
고객: 어 [새롬중앙로:도로명] [19:건물본번] [505:동정보]동 [2302:호정보]호요
상담사: 네 확인 너무 감사합니다.
고객: 이게 두개 결합하면 결합 할인이 들어간다고 신청했는데 잘 처리되었는지 궁금해서요
상담사: 예 고객님 현재 확인 시에 고객님 인터넷과 알뜰폰이 26년도 4월 24일 날짜로 정확하게 결합 처리 잘 되어 있어서 안심하셔도 됩니다. 
고객: 아 그래요",
8,TC_008,"Type A
(1개턴)",2턴,"상담사: 고객님 본인 맞으시구요 네 인터넷 설치되어 있는 주소지 확인 부탁드립니다
고객: 네 네 해운대구 한일아파트 106동 301호 부산 해운대구 네
상담사: 네
상담사: 네 확인 감사합니다  그러면 추가로 인터넷을 한회선 더 결합한다고 하셨는데요
고객: 예
상담사: 이미 개통되어 있는 인터넷을 결합하시는 건가요","상담사: 고객님 본인 맞으시구요 네 인터넷 설치되어 있는 주소지 확인 부탁드립니다
고객: 네 네 [해운대구:시군구명][한일아파트:건물명] [106:동정보]동 [301:호정보]호 [부산:시도명] [해운대구:시군구명] 네
상담사: 네
상담사: 네 확인 감사합니다  그러면 추가로 인터넷을 한회선 더 결합한다고 하셨는데요
고객: 예
상담사: 이미 개통되어 있는 인터넷을 결합하시는 건가요","시/구는 있으나 지번명/지번본번,지번부번 정보 없음
=>행안부DB조회안한다"
9,TC_009,"Type A
(1개턴)",3턴,"고객: 아 네 제가 그 인터넷 이전 설치를 빨리 해야 되는데 깜빡잊고 있어가지구요
상담사: 인터넷이 고객님 성함으로 이용 중이신가요 아 인터넷 그면 어 기존에 설치되어 있는 주소 확인 부탁드립니다
고객: 네 송파구 석촌동 181 다시 2번지 202호요
고객: 네 내일 이사를 하거든요
상담사: 아 그러시면 제가 빠르게 접수해 드리고 혹시라도 내일 방문 가능한지 확인해 달라  메모 남겨드리도록 하겠습니다
고객: 네 네","고객: 아 네 제가 그 인터넷 이전 설치를 빨리 해야 되는데 깜빡잊고 있어가지구요
상담사: 인터넷이 고객님 성함으로 이용 중이신가요 아 인터넷 그면 어 기존에 설치되어 있는 주소 확인 부탁드립니다
고객: 네 [송파구:시군구명] [석촌동:읍면동명] [181:지번본번]-[2:지번부번]번지 [202:호정보]호요
고객: 네 내일 이사를 하거든요
상담사: 아 그러시면 제가 빠르게 접수해 드리고 혹시라도 내일 방문 가능한지 확인해 달라  메모 남겨드리도록 하겠습니다
고객: 네 네",
10,TC_010,"Type A
(1개턴)",3턴,"상담사: 네 설치되어 있는 주소 확인 부탁드립니다
고객: 예 잠시만요
고객: 예 양평읍 시민로 아 저기 아 시민로43번길 3 3층이요
상담사: 네 확인 감사드립니다.
상담사: 월 요금 제가 바로 확인 후 안내 도와드릴게요
고객: 네에","상담사: 네 설치되어 있는 주소 확인 부탁드립니다
고객: 예 잠시만요
고객: 예 [양평읍:읍면동명] [시민로:도로명] 아 저기 아 [시민로43번길:도로명] [3:건물본번] [3:층정보]층이요
상담사: 네 확인 감사드립니다.
상담사: 월 요금 제가 바로 확인 후 안내 도와드릴게요
고객: 네에","주소를 잘못말했다가 다시 수정하는 경우
(도로명만 언급> 도로명 +건물본번으로 수정)"
11,TC_011,"Type A
(1개턴)",3턴,"고객: 아 뭐 문의 좀 할려 그러는데요 저 저희 집이 지금 인터넷이 들어가는데 TV랑 약정이 언제까지 남았는지 알 수 있나요
상담사:  아 네 저희 그럼 이사 이용하시는 주소지도 한번 말씀 부탁드릴게요
고객: 칠곡군 북삼읍 인강8길 20 시티타운 301동 907호
상담사: 네 확인 감사합니다. 고객님 명의로 인터넷 상품 조회되었구요 약정 기간은 확인해 보니 인터넷과 TV는 2026년 7월 17일까지구요
고객: 네 예
고객: 그러면 혹시 지금 바꾸면 위약금이 나오나요 이것도","고객: 아 뭐 문의 좀 할려 그러는데요 저 저희 집이 지금 인터넷이 들어가는데 TV랑 약정이 언제까지 남았는지 알 수 있나요
상담사:  아 네 저희 그럼 이사 이용하시는 주소지도 한번 말씀 부탁드릴게요
고객: [칠곡군:시군구명] [북삼읍:읍면동명] [인강8길:도로명] [20:건물본번] [시티타운:건물명] [301:동정보]동 [907:호정보]호
상담사: 네 확인 감사합니다. 고객님 명의로 인터넷 상품 조회되었구요 약정 기간은 확인해 보니 인터넷과 TV는 2026년 7월 17일까지구요
고객: 네 예
고객: 그러면 혹시 지금 바꾸면 위약금이 나오나요 이것도",
12,TC_012,"Type A
(1개턴)",3턴,"고객: 아 저  결합을 하면은 요금 할인을 받을 수 있다고 해서 이 결합은 어디 어떻게 하는나 싶어 전화드렸어요
상담사: 네 반갑습니다 설치된 주소지 말씀 부탁드립니다
고객: 네 경북 고령군 쌍림면 원평길 5입니다
상담사: 네 동호수나 층수도 있을까요
고객: 없습니다
상담사: 아 네 확인 감사합니다 상품 조회되었구요 같이 결합할 휴대폰은 고객님 명의인가요","고객: 아 저  결합을 하면은 요금 할인을 받을 수 있다고 해서 이 결합은 어디 어떻게 하는나 싶어 전화드렸어요
상담사: 네 반갑습니다 설치된 주소지 말씀 부탁드립니다
고객: 네 [경북:시도명] [고령군:시군구명] [쌍림면:읍면동명] [원평길:도로명] [5:건물본번]입니다
상담사: 네 동호수나 층수도 있을까요
고객: 없습니다
상담사: 아 네 확인 감사합니다 상품 조회되었구요 같이 결합할 휴대폰은 고객님 명의인가요",
13,TC_013,"Type A
(1개턴)",4턴,"상담사: 아니시면 제가 주소를 한번 확인 도와드릴 텐데요
고객: 네 네 네
상담사: 등록돼 있는 주소 동까지만 지역 말씀 부탁드리겠습니다
고객: 네 용인시 기흥구 동백죽전대로 527번길 67이요
상담사: 고객님 확인 고맙습니다 잠시만 기다려 주시겠습니까
고객: 네","상담사: 아니시면 제가 주소를 한번 확인 도와드릴 텐데요
고객: 네 네 네
상담사: 등록돼 있는 주소 동까지만 지역 말씀 부탁드리겠습니다
고객: 네 [용인시:시군구명] [기흥구:시군구명] [동백죽전대로 527번길:도로명] [67:건물본번]이요
상담사: 고객님 확인 고맙습니다 잠시만 기다려 주시겠습니까
고객: 네",
14,TC_014,"Type A
(1개턴)",4턴,"고객: 예 다름이 아니고 저번에 스위치랑 그 가스 잠금밸버 그그 해체해 갔는데요
고객: 아 이거 지금 그 IOT 그때 못 가지고 가가지고 지금 찾아놨는데
상담사: 아 그러세요  현재 기존에 설치돼 있던 주소지가 어떻게 되실까요
고객: 청주시 정화동 19 다시 8번지
상담사: 네 확인 감사합니다 잠시만 기다려 주시겠습니까
고객: 네","고객: 예 다름이 아니고 저번에 스위치랑 그 가스 잠금밸버 그그 해체해 갔는데요
고객: 아 이거 지금 그 IOT 그때 못 가지고 가가지고 지금 찾아놨는데
상담사: 아 그러세요  현재 기존에 설치돼 있던 주소지가 어떻게 되실까요
고객: [청주시:시군구명] [정화동:읍면동명] [19:지번본번] - [8:지번부번]번지
상담사: 네 확인 감사합니다 잠시만 기다려 주시겠습니까
고객: 네",
15,TC_015,"Type A
(1개턴)",4턴,"상담사: 이 번호로는  아직까지는 엘지 유플러스에 가입 신청된 내역 없습니다
고객: 그러면 어머님 이름으로 확인만 해 주실 수 있나요
상담사: 어머님 성함으로 생년월일 확인했을 때 한건 조회되는 게 있기는 한데 이게 동명이인 분이실 수도 있어서 혹시 고객님 설치 관련해서 상담 받으신 주소가 어떻게 될까요
고객: 네 네 의정부시 호국로 1101번길 20 다시 12요
상담사: 네
상담사: 아 그러면 맞아요 주소가 정확하구요 현재 인터넷과 TV 저희 LG 유플러스 23년도 8월 23일에 이미 가입을 해서 사용 중이신데요","상담사: 이 번호로는  아직까지는 엘지 유플러스에 가입 신청된 내역 없습니다
고객: 그러면 어머님 이름으로 확인만 해 주실 수 있나요
상담사: 어머님 성함으로 생년월일 확인했을 때 한건 조회되는 게 있기는 한데 이게 동명이인 분이실 수도 있어서 혹시 고객님 설치 관련해서 상담 받으신 주소가 어떻게 될까요
고객: 네 네 [의정부시:시군구명] [호국로 1101번길:도로명] [20:건물본번] - [12:건물부번]요
상담사: 네
상담사: 아 그러면 맞아요 주소가 정확하구요 현재 인터넷과 TV 저희 LG 유플러스 23년도 8월 23일에 이미 가입을 해서 사용 중이신데요",
16,TC_016,"Type A
(1개턴)",4턴,"상담사: 그 명의자분 성함 확인부탁드립니다.
고객: 아 김유플이요
상담사: 네 생년월일과 주소 말씀 부탁드리겠습니다
고객: 890310 경기도 수원시 권선구 덕영대로 1190번길 100 704동 201호요
상담사: 네 전산 조회되었구요 확인 감사드립니다.
고객: 예","상담사: 그 명의자분 성함 확인부탁드립니다.
고객: 아 김유플이요
상담사: 네  주소 말씀 부탁드리겠습니다
고객:  [경기도:시도명] [수원시:시군구명] [권선구:시군구명] [덕영대로 1190번길:도로명] [100:건물본번] [704:동정보]동 [201:호정보]호요
상담사: 네 전산 조회되었구요 확인 감사드립니다.
고객: 예",
17,TC_017,"Type A
(1개턴)",5턴,"상담사: 아 그러세요 그럼 제가 빠르게 조회해서 결합 안내까지 드리겠습니다 김유플고객님 본인 맞으십니까
고객:  네 
상담사: 네 반갑습니다 설치된 주소지 말씀 부탁드립니다
고객: 네 
고객: 네 서울 구로중앙로 28나길 32 2층이요
상담사: 동호수나 층수도 있을까요","상담사: 아 그러세요 그럼 제가 빠르게 조회해서 결합 안내까지 드리겠습니다 김유플고객님 본인 맞으십니까
고객:  네 
상담사: 네 반갑습니다 설치된 주소지 말씀 부탁드립니다
고객: 네 
고객: 네 [서울:시도명] [구로중앙로 28나길:도로명] [32:건물본번] [2:층정보]층이요
상담사: 동호수나 층수도 있을까요",
18,TC_018,"Type A
(1개턴)",5턴,"고객: 제가 그 18일날 이사를 가는데 그 다시 이전을 해야 되겠는데 이전 설치를
상담사: 아 아 그러세요 그러면 정보 확인하고 제가 빠르게 접수해 드리겠습니다 네 김유플고객님 본인 맞습니까
고객: 예 예
상담사: 네 인터넷 기존 설치 주소 확인 부탁드립니다
고객: 아산시 박물관로 13 104동 106호
상담사: 네 확인 잘 되었습니다 그 18일이라는 게 그러면 3월 18일 말씀하시는 건가요","고객: 제가 그 18일날 이사를 가는데 그 다시 이전을 해야 되겠는데 이전 설치를
상담사: 아 아 그러세요 그러면 정보 확인하고 제가 빠르게 접수해 드리겠습니다 네 김유플고객님 본인 맞습니까
고객: 예 예
상담사: 네 인터넷 기존 설치 주소 확인 부탁드립니다
고객: [아산시:시군구명] [박물관로:도로명] [13:건물본번] [104:동정보]동 [106:호정보]호
상담사: 네 확인 잘 되었습니다 그 18일이라는 게 그러면 3월 18일 말씀하시는 건가요",
19,TC_019,"Type A
(1개턴)",5턴,"상담사: 제가 고객님 사용하시는 상품 먼저 봐드리고 그다음에 인제 어떤 처리 내용으로 안내가 있는지 봐드릴게요
고객: 예 예 
상담사: 네 우선 전화주신 김유플 고객님 본인이십니까
고객: 예 본인이요
상담사: 네 지금 설치되어 있는 그 주소 전체를 한번 말씀해 주시겠습니까
고객: 용산동 영진보라아파트 104동 1303호요
상담사: 감사합니다 저희 쪽에 인터넷 TV 사용해 주시고 계시는데 어 삼년으로 가입을 해주셨잖아요","상담사: 제가 고객님 사용하시는 상품 먼저 봐드리고 그다음에 인제 어떤 처리 내용으로 안내가 있는지 봐드릴게요
고객: 예 예 
상담사: 네 우선 전화주신 김유플 고객님 본인이십니까
고객: 예 본인이요
상담사: 네 지금 설치되어 있는 그 주소 전체를 한번 말씀해 주시겠습니까
고객: [용산동:읍면동명] [영진보라아파트:건물명] [104:동정보]동 [1303:호정보]호요
상담사: 감사합니다 저희 쪽에 인터넷 TV 사용해 주시고 계시는데 어 삼년으로 가입을 해주셨잖아요",
20,TC_020,"Type A
(1개턴)",5턴,"고객: 어 그 혹시 어 인터넷 약정 남은 기간 좀 확인할려구요
상담사: 네
고객: 그때 혹시 전화로 확인 가능한가요
상담사: 네 등록된 정보 확인이 필요해서 그럼 등록된 주소지 시구 동까지 한번 말씀 부탁드립니다
고객: 네 용산구 장문로27길 15
상담사: 네","고객: 어 그 혹시 어 인터넷 약정 남은 기간 좀 확인할려구요
상담사: 네
고객: 그때 혹시 전화로 확인 가능한가요
상담사: 네 등록된 정보 확인이 필요해서 그럼 등록된 주소지 시구 동까지 한번 말씀 부탁드립니다
고객: 네 [용산구:시군구명] [장문로27길:도로명] [15:건물본번]
상담사: 네",
21,TC_021,"Type A
(1개턴)",6턴,"고객: 뭐야 휴대폰 청약 철회가 아니라 그냥 아예 휴대폰 인터넷 자체가 아예 안 돼가지고 지금 다른 분 휴대폰으로 연락을 했거든요
상담사: 고객님 성함과 생년월일 확인 부탁드리니다.
고객: 김유플이요
고객: 05 12 20이요
상담사: 주소 확인 부탁드립니다.
고객: 아 주소요 오라로 12길입니다.","고객: 뭐야 휴대폰 청약 철회가 아니라 그냥 아예 휴대폰 인터넷 자체가 아예 안 돼가지고 지금 다른 분 휴대폰으로 연락을 했거든요
상담사: 고객님 성함과 생년월일 확인 부탁드리니다.
고객: 김유플이요
고객: 05 12 20이요
상담사: 주소 확인 부탁드립니다.
고객: 아 주소요 [오라로 12길:도로명]입니다.",
22,TC_022,"Type A
(1개턴)",6턴,"상담사: 제가 고객님 사용하시는 상품 먼저 봐드리고 그다음에 인제 어떤 처리 내용으로 안내가 있는지 봐드릴게요
고객: 예 예 
상담사: 네 우선 전화주신 김유플 고객님 본인이십니까
고객: 예 본인이요
상담사: 네 지금 설치되어 있는 그 주소 전체를 한번 말씀해 주시겠습니까
고객: 김포한강4로 565 1707호요","상담사: 제가 고객님 사용하시는 상품 먼저 봐드리고 그다음에 인제 어떤 처리 내용으로 안내가 있는지 봐드릴게요
고객: 예 예 
상담사: 네 우선 전화주신 김유플 고객님 본인이십니까
고객: 예 본인이요
상담사: 네 지금 설치되어 있는 그 주소 전체를 한번 말씀해 주시겠습니까
고객: [김포한강4로:도로명] [565:건물본번] [1707:호정보]호요",
23,TC_023,"Type A
(1개턴)",6턴,"상담사: 아이거 납부 확인이 되어야지만 안내가 가능하다 보니 네
고객: 잠깐만요 잠깐만요 그러면은 이거 신한카드 아니면 삼성카드인데
상담사: 어 둘 중에 하나로 어떤 걸로 확인해 드릴까요
고객: 아 
상담사: 아니시면은 고객님 댁 주소가 무슨 시 무슨 구 무슨 동일까요
고객: 대전시 중구 보문로63번길 46","상담사: 아이거 납부 확인이 되어야지만 안내가 가능하다 보니 네
고객: 잠깐만요 잠깐만요 그러면은 이거 신한카드 아니면 삼성카드인데
상담사: 어 둘 중에 하나로 어떤 걸로 확인해 드릴까요
고객: 아 
상담사: 아니시면은 고객님 댁 주소가 무슨 시 무슨 구 무슨 동일까요
고객: [대전시:시도명] [중구:시군구명] [보문로63번길:도로명] [46:건물본번]",
24,TC_024,"Type A
(1개턴)",6턴,"상담사: 결제가 651,900원 이용해 주셨어요
고객: 그게 651,900원이 뭐예요
상담사: 어 네 소액 결제 이용 내역인데요 4 소액 결제 내용 안내해 드리기 위해서 등록된 주소 시 구동까지만 확인 부탁드리겠습니다
고객: 어
고객: 어 우리 집 그 등록
고객: 서울 성북구 동소문로 13가길 3인가","상담사: 결제가 651,900원 이용해 주셨어요
고객: 그게 651,900원이 뭐예요
상담사: 어 네 소액 결제 이용 내역인데요 4 소액 결제 내용 안내해 드리기 위해서 등록된 주소 시 구동까지만 확인 부탁드리겠습니다
고객: 어
고객: 어 우리 집 그 등록
고객: [서울:시도명] [성북구:시군구명] [동소문로 13가길:도로명]  [3:건물본번]인가",
25,TC_025,"Type B
(2개턴)","1,3턴","고객: 세종시 조치원읍 이화1로 15
상담사: 네
고객: 이편한세상 106동 503호요
상담사: 아네 확인 감사합니다 고객님께서 지금 미납 요금 1월달 그분 먼저 납부를 해주셨습니다.
고객:  아 네 그 내일 바로 정지가 되진 않는 거군요
상담사: 아 네 맞습니다","고객: [세종시:시도명] [조치원읍:읍면동명] [이화1로:도로명] [15:건물본번]
상담사: 네
고객: [이편한세상:건물명] [106:동정보]동 [503:호정보]호요
상담사: 아네 확인 감사합니다 고객님께서 지금 미납 요금 1월달 그분 먼저 납부를 해주셨습니다.
고객:  아 네 그 내일 바로 정지가 되진 않는 거군요
상담사: 아 네 맞습니다",
26,TC_026,"Type B
(2개턴)","1,3턴","고객: 은평구 진관1로 21 다시 9 
상담사: 예
고객: 11동 1102호요
상담사: 네 네
고객:  이 가정용 이사로 재설치를 했는데
고객: 그날 정신이 없어서 확인을 못하고 그냥 기사님이 다 했다해서 인터넷 공유기를 설정할려보니까","고객: [은평구:시군구명] [진관1로:도로명] [21:건물본번] -[9:건물부번]
상담사: 예
고객: [11:동정보]동 [1102:호정보]호요
상담사: 네 네
고객:  이 가정용 이사로 재설치를 했는데
고객: 그날 정신이 없어서 확인을 못하고 그냥 기사님이 다 했다해서 인터넷 공유기를 설정할려보니까",
27,TC_027,"Type B
(2개턴)","1,3턴","고객: 아 경기도 평택시 지제동삭1로
상담사: 네 네
고객: 더샵파크 101동 2002호요
상담사: 아 네 주소 확인되었구요 
고객: 네
상담사: 저희가 문자가 안 들어오는 거기 때문에 확인하실 수 있도록 모바일 기술 부서 바로 연결드리겠습니다.","고객: 아 [경기도:시도명] [평택시:시군구명] [지제동삭1로:도로명]
상담사: 네 네
고객: [더샵파크:건물명] [101:동정보]동 [2002:호정보]호요
상담사: 아 네 주소 확인되었구요 
고객: 네
상담사: 저희가 문자가 안 들어오는 거기 때문에 확인하실 수 있도록 모바일 기술 부서 바로 연결드리겠습니다.",
28,TC_028,"Type B
(2개턴)","1,3턴","고객: 남구 대명석이 어사길 40이요
상담사: 아 주소다시 말씀 부탁드립니다.
고객: 잠시만요 대구 남구 대명서4길 40
상담사: 네 뭐 층수라든 이런 건 전혀 없으신 건가요
고객: 예 그냥 다 똑같애요
상담사: 네 그러시면 말씀해 주신 주소지로 우편 청구서로 받으실 수 있도록 그럼 변경해 드리구요","고객: [남구:시군구명] [대명석이 어사길:도로명] [40:건물본번]요
상담사: 아 주소 다시 말씀 부탁드립니다.
고객: 잠시만요 [대구:시도명] [남구:시군구명] [대명서4길:도로명] [40:건물본번]
상담사: 네 뭐 층수라든 이런 건 전혀 없으신 건가요
고객: 예 그냥 다 똑같애요
상담사: 네 그러시면 말씀해 주신 주소지로 우편 청구서로 받으실 수 있도록 그럼 변경해 드리구요",
29,TC_029,"Type B
(2개턴)","1,3턴","고객: 아 아파트 앞에는 같고요 같은 동인데 대전 서구 청사로 282
상담사: 예
고객: 수정타운 17동 1506호
상담사:  네 말씀해 주신 주소지로 잘 등록되어 있습니다
고객: 아 그래요 아 아 오편물이 저쪽으로 왔다 그래서 지금 가져왔는데 아마 그전에 날라왔던 거예요
상담사: 네에","고객: 아 아파트 앞에는 같고요 같은 동인데 [대전:시도명] [서구:시군구명] [청사로:도로명] [282:건물본번]
상담사: 예
고객: [수정타운:건물명] [17:동정보]동 [1506:호정보]호
상담사:  네 말씀해 주신 주소지로 잘 등록되어 있습니다
고객: 아 그래요 아 아 오편물이 저쪽으로 왔다 그래서 지금 가져왔는데 아마 그전에 날라왔던 거예요
상담사: 네에",
30,TC_030,"Type B
(2개턴)","1,3턴","고객: 예 마포구 공덕동 95 다시 3번지요
상담사: 주소 다시 확인 부탁드립니다.
고객: 마포구 효창원로95길 3
상담사:  아 네 확인 감사드립니다 
고객: 네 
상담사: 어 우리 고객님 26일까지라고 납부 말씀을 해주셨는데요. 제가 확인해 보니까 20일까지로 요청을 하셨더라구요","고객: 예 [마포구:시군구명] [공덕동:읍면동명] [95:지번본번]- [3:지번부번]이요
상담사: 주소 다시 확인 부탁드립니다.
고객: [마포구:시군구명] [효창원로95길:도로명] [3:건물본번]
상담사:  아 네 확인 감사드립니다 
고객: 네 
상담사: 어 우리 고객님 26일까지라고 납부 말씀을 해주셨는데요. 제가 확인해 보니까 20일까지로 요청을 하셨더라구요",
31,TC_031,"Type B
(2개턴)","1,3턴","고객: 장산로 214 삼성래미안 423동 1702호구요
상담사: 말씀주신 주소가 틀리다고 나오는데요
고객: 아 예 당산로 214요
상담사:  불러주신 당산로 인터넷 먼저 확인을 해드리겠습니다.
고객: 네
상담사: 네 지금 가입하신 지 3개월 되셨는데 혹시 이 TV 요금제 유지 기간 3개월 안내 받으신 건가요","고객: [장산로:도로명] [214:건물본번] [삼성래미안:건물명] [423:동정보]동 [1702:호정보]호구요
상담사: 말씀주신 주소가 틀리다고 나오는데요
고객: 아 예 [당산로:도로명] [214:건물본번]요
상담사:  불러주신 당산로 인터넷 먼저 확인을 해드리겠습니다.
고객: 네
상담사: 네 지금 가입하신 지 3개월 되셨는데 혹시 이 TV 요금제 유지 기간 3개월 안내 받으신 건가요",
32,TC_032,"Type B
(2개턴)","2,3턴","상담사: 아 그러세요 그럼 제 다른 한번 여쭙겠습니다 혹시 어머니께서 등록되어 있으신 주소는 어떻게 될까요
고객: 네 네 칠 태임면 잠시 주소요 잠시만요
고객: 전라북도 정읍시 태임면 칠리길 28이요
상담사: 네 확인 감사합니다 어머님께서 현재 33,000원의 요금제에서 결합 할인과 복지할인 혜택 두가지를 받아주시고 있습니다
고객: 결합 할인하고 복지 결합은 한 5,000원 들어가나요
상담사: 네 결합 할인으로 5,500원 복지할인으로 12,100원 이렇게 두가지 혜택 받아주시고 있습니다","상담사: 아 그러세요 그럼 제 다른 한번 여쭙겠습니다 혹시 어머니께서 등록되어 있으신 주소는 어떻게 될까요
고객: 네 네 칠 [태임면:읍면동명] 잠시 주소요 잠시만요
고객: [전라북도:시도명] [정읍시:시군구명] [태임면:읍면동명] [칠리길:도로명] [28:건물본번]이요
상담사: 네 확인 감사합니다 어머님께서 현재 33,000원의 요금제에서 결합 할인과 복지할인 혜택 두가지를 받아주시고 있습니다
고객: 결합 할인하고 복지 결합은 한 5,000원 들어가나요
상담사: 네 결합 할인으로 5,500원 복지할인으로 12,100원 이렇게 두가지 혜택 받아주시고 있습니다",
33,TC_033,"Type B
(2개턴)","2,4턴","상담사: 이제 다른 주소지 상품 확인을 도와드리겠습니다
고객: 네 네 서울시 영서구 영중로입니다.
상담사: 다른 추가 주소 확인 부탁드립니다.
고객: 영중로 169 리버리치 208호
상담사: 네 확인되었구요 이것도 요금 요금제 유지 안내 받으셨던 거 맞으신가요
고객: 이것도 따로 부가서비스 가입되어 있는 것은 없고 TV 요금제로 확인이 되어요","상담사: 이제 다른 주소지 상품 확인을 도와드리겠습니다
고객: 네 네 [서울시:시도명] [영서구:시군구명] [영중로:도로명]입니다.
상담사: 다른 추가 주소 확인 부탁드립니다.
고객: [영중로:도로명] [169:건물본번] [리버리치:건물명] [208:호정보]호
상담사: 네 확인되었구요 이것도 요금 요금제 유지 안내 받으셨던 거 맞으신가요
고객: 이것도 따로 부가서비스 가입되어 있는 것은 없고 TV 요금제로 확인이 되어요",
34,TC_034,"Type B
(2개턴)","2,4턴","상담사: 아니시면 그럼 등록되어 있는 곳 주소 시구 동까지 한번 말씀 부탁드립니다
고객: 효성타운 101동 1205호
상담사: 시구동 말씀 부탁드립니다 
고객: 서구 도마동
상담사: 네 확인 감사합니다.
상담사: 잠시만 기다려 주시겠습니까","상담사: 아니시면 그럼 등록되어 있는 곳 주소 시구 동까지 한번 말씀 부탁드립니다  *지번본번/부번 확인 씬 상담 반영??
고객: [효성타운:건물명] [101:동정보]동  [1205:호정보]호
상담사: 시구동 말씀 부탁드립니다 
고객: [서구:시군구명] [도마동:읍면동명]
상담사: 네 확인 감사합니다.
상담사: 잠시만 기다려 주시겠습니까",지번명+건물명만 언급(지번본번/부번 정보 없음)
35,TC_035,"Type B
(2개턴)","2,4턴","상담사: 변경할 주소 확인부탁드립니다. 
고객: 네 서울 테헤란로 123 삼성아파트요
상담사: 아파트 동,호도 확인부탁드립니다.
고객 : 101동 1201호요
상담 : 확인 감사드립니다.
고객: 언제부터 변경된 주소로 적용되나요?","상담사: 변경할 주소 확인부탁드립니다. 
고객: 네 [서울:시도명] [테헤란로:도로명] [123:건물본번] [삼성아파트:건물명]요
상담사: 아파트 동,호도 확인부탁드립니다.
고객 : [101:동정보]동 [1201:호정보]호요
상담 : 확인 감사드립니다.
고객: 언제부터 변경된 주소로 적용되나요?",
36,TC_036,"Type B
(2개턴)","2,4턴","상담사: 아니시면은 고객님 댁 주소가 무슨 시 무슨 구 무슨 동일까요
고객: 어 예 대전시 중구 보문로
상담사: 네
고객: 63번길 46
상담사: 확인 감사합니다.
상담사: 주소로 확인되어서 안내 얼른 해 드리겠습니다.","상담사: 아니시면은 고객님 댁 주소가 무슨 시 무슨 구 무슨 동일까요
고객: 어 예 [대전시:시도명] [중구:시군구명] [보문로:도로명]
상담사: 네
고객: [63번길:도로명] [46:건물본번]
상담사: 확인 감사합니다.
상담사: 주소로 확인되어서 안내 얼른 해 드리겠습니다.",
37,TC_037,"Type B
(2개턴)","2,4턴","상담사: 네 그럼 인터넷이 설치된 주소지 시 구동까지 말씀 부탁드립니다
고객: 전부동 공작 한영아파트 123동 1113호
상담사: 아 네 어 혹시 무슨 시 무슨 구 무슨 동으로 말씀해 주시겠습니까
고객: 안산시 단원구 선부동
상담사: 네 정확하게 확인해 주셔서 감사합니다 지금 현재는 등록되어 있는 방법이 통장 카드 지로 중에 어떤 방법입니까
고객: 통장에서 자동이체 하고 있어요 ","상담사: 네 그럼 인터넷이 설치된 주소지 시 구동까지 말씀 부탁드립니다
고객: [전부동:읍면동명] [공작 한영아파트:건물명] [123:동정보] [1113:호정보]호
상담사: 아 네 어 혹시 무슨 시 무슨 구 무슨 동으로 말씀해 주시겠습니까
고객: [안산시:시군구명] [단원구:시군구명] [선부동:읍면동명]
상담사: 네 정확하게 확인해 주셔서 감사합니다 지금 현재는 등록되어 있는 방법이 통장 카드 지로 중에 어떤 방법입니까
고객: 통장에서 자동이체 하고 있어요 ",지번명+건물명만 언급(지번본번/부번 정보 없음)
38,TC_038,"Type B
(2개턴)","2,4턴","상담사: 네 정확한 상담을 위해 상품 설치되어 있는 주소지도 말씀 부탁드리겠습니다
고객: 경기도 안성시 공도읍 진사길 70 다시 12
상담사: 네 몇 호일까요
고객:2층이요 
상담사: 네 확인 감사합니다 고객님 혹시 2층이 맞을까요
고객: 예 근데 그 뭐지 그 원래 3층이었는데 이번에 그 언제지 12일 11월달인가 그때 저희가 그 2층으로 그 변경하면서 그 주소가 2층으로 안 돼 있는지 그것도 좀 확인하고 싶고요","상담사: 네 정확한 상담을 위해 상품 설치되어 있는 주소지도 말씀 부탁드리겠습니다
고객: [경기도:시도명] [안성시:시군구명] [공도읍:읍면동명] [진사길:도로명] [70:건물본번] - [12:건물부번]
상담사: 네 몇 호일까요
고객: [2:층정보]층이요 
상담사: 네 확인 감사합니다 고객님 혹시 2층이 맞을까요
고객: 예 근데 그 뭐지 그 원래 3층이었는데 이번에 그 언제지 12일 11월달인가 그때 저희가 그 2층으로 그 변경하면서 그 주소가 2층으로 안 돼 있는지 그것도 좀 확인하고 싶고요",
39,TC_039,"Type B
(2개턴)","2,4턴","상담사: 인터넷 TV 사용하시는 주소 말씀 부탁드립니다
고객: 서울 구로구 오류로 팔번길 13에 201호요
상담사: 도로명 다시 확인 부탁드립니다.
고객: 아 이게 번이 아니고 매번 헷갈려서 오류로 8바길 3이요 
상담사: 확인 감사합니다 고객님 기본 요금 확인해 보도록 하겠습니다
고객: 네","상담사: 인터넷 TV 사용하시는 주소 말씀 부탁드립니다
고객: [서울:시도명] [구로구:시군구명] [오류로 팔번길:도로명] [13:건물본번]에[ 201:호정보]호요
상담사: 도로명 다시 확인 부탁드립니다.
고객: 아 이게 번이 아니고  매번 헷갈려서 [오류로 8바길:도로명] [3:건물본번]이요 
상담사: 확인 감사합니다 고객님 기본 요금 확인해 보도록 하겠습니다
고객: 네",
40,TC_040,"Type B
(2개턴)","2,4턴","상담사: 인터넷 설치되어 있는 주소 확인 부탁드리겠습니다
고객: 연서로 455번이요
상담사: 혹시 몇 동 몇 호이실까요
고객: 537동 1202호
상담사: 확인 감사합니다 약정 기간은 약 1개월 정도 남아있는 상태구요
상담사: 정확하게 종료되는 날짜는 5월 31일까지입니다","상담사: 인터넷 설치되어 있는 주소 확인 부탁드리겠습니다
고객: [연서로:도로명] [455:건물본번]번이요
상담사: 혹시 몇 동 몇 호이실까요
고객: [537:동정보]동 [1202:호정보]호
상담사: 확인 감사합니다 약정 기간은 약 1개월 정도 남아있는 상태구요
상담사: 정확하게 종료되는 날짜는 5월 31일까지입니다",
41,TC_041,"Type B
(2개턴)","2,4턴","상담사: 네 기다려 주셔서 감사합니다 저희 인터넷 이용하시는 주소 말씀 부탁드립니다
고객: 네 실 그 평택시
상담사: 네에 
고객: 평택시 신장동 힐타포레스트 1503호요
상담사: 네 확인 감사합니다 지금 전화주신 고객님께서 본인 맞으시죠
고객: 네 ","상담사: 네 기다려 주셔서 감사합니다 저희 인터넷 이용하시는 주소 말씀 부탁드립니다
고객: 네 실 그 [평택시:시군구명]
상담사: 네에 
고객: [평택시:시군구명] [신장동:읍면동명] [힐타포레스트:건물명] [1503:호정보]호요
상담사: 네 확인 감사합니다 지금 전화주신 고객님께서 본인 맞으시죠
고객: 네 ",
42,TC_042,"Type B
(2개턴)","2,6턴","상담사: 인터넷 설치된 주소 말씀해 주시겠습니까
고객: 서희 스타힐즈 103동 1304호요
상담사: 네 혹시 그 앞에 지역이 어디신가요
고객: 어느 앞이요? 
상담사: 무슨시 무슨구 무슨동으로 주소 자세히 말씀부탁드립니다.
고객: 영산동 아니  영산로 719 다시 29요","상담사: 인터넷 설치된 주소 말씀해 주시겠습니까
고객: [서희 스타힐즈:건물명] [103:동정보]동 [1304:호정보]호요
상담사: 네 혹시 그 앞에 지역이 어디신가요
고객: 어느 앞이요? 
상담사: 무슨시 무슨구 무슨동으로 주소 자세히 말씀부탁드립니다.
고객: [영산동:읍면동명] 아니  [영산로:도로명] [719:건물본번]- [29:건물부번]요",
43,TC_043,"Type B
(2개턴)","2,6턴","상담사:  등록된 주소지 확인 부탁드립니다.
고객: : 아 예 매탄동 126번길 22요
상담사: 주소지를 무슨 시 무슨구 무슨동까지 확인 부탁드립니다.
고객:  아 잠시만요
상담사: 천천히 확인해주세요 
고객: 아 그러면 경기도 수원시 영통구 매탄로126번길 22","상담사:  등록된 주소지 확인 부탁드립니다.
고객: : 아 예 [매탄동:읍면동명] [126번길:도로명][22:건물본번]요
상담사: 주소지를 무슨 시 무슨구 무슨동까지 확인 부탁드립니다.
고객:  아 잠시만요
상담사: 천천히 확인해주세요 
고객: 아 그러면 [경기도:시도명] [수원시:시군구명] [영통구:시군구명] [매탄로126번길:도로명] [22:건물본번]",
44,TC_044,"Type B
(2개턴)","3,5턴","고객: 핸드폰 분실해서 정지할려구요 
상담사: 그럼 고객님 등록되어 있는 주소 무슨 시 무슨 동까지만 말씀 부탁드립니다
고객: 너 너 저 저 연무읍 안심로 5
상담사: 네
고객: 태앙열 주택 마동 302호요
상담사: 아 네 감사합니다 그럼 제가 바로 핸드폰 분실 등록 및 정지까지 같이 도와드리겠습니다
고객: 아 전부다 정지 해주세요","고객: 핸드폰 분실해서 정지할려구요 
상담사: 그럼 고객님 등록되어 있는 주소 무슨 시 무슨 동까지만 말씀 부탁드립니다
고객: 너 너 저 저 [연무읍:읍면동명] [안심로:도로명] [5:건물본번]
상담사: 네
고객: [태앙열 주택:건물명] [마:동정보]동 [302:호정보]호요
상담사: 아 네 감사합니다 그럼 제가 바로 핸드폰 분실 등록 및 정지까지 같이 도와드리겠습니다
고객: 아 전부다 정지 해주세요",
45,TC_045,"Type B
(2개턴)","3,5턴","상담사: 그러셨군요 제가  우편물로 변경해 드리겠습니다 받아보실 주소지를 말씀해 주시겠습니까
고객: 예
고객: 세종시 보람로 96 
상담사: 네
고객: 예 2010동 903호요 
상담사: 네 감사합니다 지금 변경해 드렸구요 이번 달부터는 말씀하신 주소지로 발송될 예정입니다","상담사: 그러셨군요 제가 그렇다면 우편물로 변경해 드리겠습니다 받아보실 주소지를 말씀해 주시겠습니까
고객: 예
고객: [세종시:시도명] [보람로:도로명] [96:건물본번] 
상담사: 네
고객: 예 [2010:동정보]동 [903:호정보]호요 
상담사: 네 감사합니다 지금 변경해 드렸구요 이번 달부터는 말씀하신 주소지로 발송될 예정입니다",
46,TC_046,"Type B
(2개턴)","3,5턴","고객: 주소를 불러드릴게요 어제도 인증은 주소로 했거든요
상담사: 아 그러세요 그럼 주소 말씀 부탁드립니다
고객: 예 서울시 용산구 잠시만요
상담사: 네에
고객: 만리재로26가길 6이요
상담사: 네 확인되었습니다.","고객: 주소를 불러드릴게요 어제도 인증은 주소로 했거든요
상담사: 아 그러세요 그럼 주소 말씀 부탁드립니다
고객: 예 [서울시:시도명] [용산구:시군구명] 잠시만요
상담사: 네에
고객: [만리재로26가길:도로명][6:건물본번]이요
상담사: 네 확인되었습니다.",
47,TC_047,"Type B
(2개턴)","3,5턴","상담사: 명의자 본인이시구요 네 저희 정보 확인을 위해서 인터넷 사용하고 계신 주소 말씀 부탁드리겠습니다
고객: 네 네
고객: 네 서울 강서구 수명로2길 63 수명산파크아파트
상담사: 혹시 몇동 몇호 이실까요
고객: 606동 803호요
상담사: 네 주소 정확히 확인되었습니다","상담사: 명의자 본인이시구요 네 저희 정보 확인을 위해서 인터넷 사용하고 계신 주소 말씀 부탁드리겠습니다
고객: 네 네
고객: 네 [서울:시도명] [강서구:시군구명] [수명로2길:도로명] [63:건물본번] [수명산파크아파트:건물명]
상담사: 혹시 몇동 몇호 이실까요
고객: [606:동정보]동 [803:호정보]호요
상담사: 네 주소 정확히 확인되었습니다",
48,TC_048,"Type B
(2개턴)","3,5턴","고객: 이마트 상품권을 받았는데 안 썼는데 오래됐는데 잊어버려가지고 다시 보내주시면
상담사: 아  제가 빠르게 정보 확인 후 재발송 진행해 드리겠습니다. 사은품이 설치되어 있는 주소 확인 부탁드립니다
고객: 아 뭐포시 양울로 42 102동 1603호
상담사: 혹시 무슨 시 무슨 구 무슨 동이실까요?
고객: 목포시 대성동 102동 1603호요 
상담사: 네 확인 감사합니다 어 현재 이 제가 확인해 보니 재약정을 진행해 주시면서 신세계 상품권 20,000원권 확인이 됩니다","고객: 이마트 상품권을 받았는데 안 썼는데 오래됐는데 잊어버려가지고 다시 보내주시면
상담사: 아  제가 빠르게 정보 확인 후 재발송 진행해 드리겠습니다. 사은품이 설치되어 있는 주소 확인 부탁드립니다
고객: 아 [뭐포시:시군구명] [양울로:도로명][42:건물본번] [102:동정보]동 [1603:호정보]호
상담사: 혹시 무슨 시 무슨 구 무슨 동이실까요?
고객: [목포시:시군구명] [대성동:읍면동명] [102:동정보]동 [1603:호정보]호요
상담사: 네 확인 감사합니다 어 현재 이 제가 확인해 보니 재약정을 진행해 주시면서 신세계 상품권 20,000원권 확인이 됩니다",
49,TC_049,"Type B
(2개턴)","3,5턴","상담사: 네 천천히 확인 부탁드립니다. 아니시면 예 아니시면  등록해 두셨던 주소 시구 동까지만 확인 부탁드립니다
고객: 네
고객: 어 연수구 원인재로 59요
상담사: 무슨 시 무슨구로 말씀 부탁드립니다.
고객: 인천이요 인천시 연수구
상담사: 네 감사합니다 확인되었고 그럼 인터넷 요금은 33,690원 확인됩니다","상담사: 네 천천히 확인 부탁드립니다. 아니시면 예 아니시면  등록해 두셨던 주소 시구 동까지만 확인 부탁드립니다
고객: 네
고객: 어 [연수구:시군구명] [원인재로:도로명] [59:건물본번]요
상담사: 무슨 시 무슨구로 말씀 부탁드립니다.
고객: [인천:시도명]이요 [인천시:시도명] [연수구:시군구명]
상담사: 네 감사합니다 확인되었고 그럼 인터넷 요금은 33,690원 확인됩니다",
50,TC_050,"Type B
(2개턴)","3,5턴","고객: 아 지금 납부방법은 잘 모르는데 옆에 안 없어가지고
상담사: 아 그러면 주소를 시 구동으로 말씀해 주시 도 됩니다
고객: 용인시
상담사: 네
고객: 기흥구 이현로30번길22
상담사: 감사합니다 배우자님 거 사용하실 수 있습니다","고객: 아 지금 납부방법은 잘 모르는데 옆에 안 없어가지고
상담사: 아 그러면 주소를 시 구동으로 말씀해 주시 도 됩니다
고객: [용인시:시군구명]
상담사: 네
고객: [기흥구:시군구명] [이현로30번길:도로명] [22:건물본번]
상담사: 감사합니다 배우자님 거 사용하실 수 있습니다",
51,TC_051,"Type B
(2개턴)","3,5턴","고객: 예 저 인터넷 이전 설치를 상담할려고 하는데요
상담사: 아 그러세요 네 제가 정보 조회 먼저 해보겠습니다. 네 우리 전화 주신 고객님김유플 고객님 본인 맞으십니까
고객: 예
상담사: 네 어 상품 이사 가시기 전 전체 주소 확인 부탁드립니다
고객: 곡동 목양마을 아파트 101동 202호
상담사: 어 네 앞에 시 구동 전체 주소는 어떻게 되시나요
고객: 대전 동구 목동
상담사: 아 예 감사합니다 네 어 이사 설치를 희망하시는 날짜는 언제이신가요","고객: 예 저 인터넷 이전 설치를 상담할려고 하는데요
상담사: 아 그러세요 네 제가 정보 조회 먼저 해보겠습니다.  상품 이사 가시기 전 전체 주소 확인 부탁드립니다
고객: [곡동:읍면동명] [목양마을 아파트:건물명] [101:동정보]동 [202:호정보]호
상담사: 어 네 앞에 시 구동 전체 주소는 어떻게 되시나요
고객: [대전:시도명] [동구:시군구명] [목동:읍면동명]
상담사: 아 예 감사합니다 네 어 이사 설치를 희망하시는 날짜는 언제이신가요",
52,TC_052,"Type B
(2개턴)","3,5턴","고객: 그래서 혹시 네 저희 어머니한테 한번 연락 좀 한번 부탁 좀 드려도 될까요 저희가 제가 신청을 해도 전화가 잘 안 와가지고 유플러스 어플로해서 신청하기 버튼으 해도 전화가 잘 안 오더라구요
상담사: 아 그러셨습니까  네 엘지 유플러스에 등록된 주소지 동까지만 말씀 부탁드립니다
고객: 네 경기도 고양시 일산동구 고봉로 658번길 
상담사: 네
고객: 128 21동 402호입니다.
상담사: 네 확인해 주셔서 감사합니다 제가 이 번호로 연락을 한번 드리겠습니다 예 감사합니다","고객: 그래서 혹시 네 저희 어머니한테 한번 연락 좀 한번 부탁 좀 드려도 될까요 저희가 제가 신청을 해도 전화가 잘 안 와가지고 유플러스 어플로해서 신청하기 버튼으 해도 전화가 잘 안 오더라구요
상담사: 아 그러셨습니까  네 엘지 유플러스에 등록된 주소지 동까지만 말씀 부탁드립니다
고객: 네 [경기도:시도명] [고양시:시군구명] [일산동구:시군구명] [고봉로 658번길:도로명] 
상담사: 네
고객: [128:건물본번]  [21:동정보]동 [402:호정보]호입니다.
상담사: 네 확인해 주셔서 감사합니다 제가 이 번호로 연락을 한번 드리겠습니다 예 감사합니다",
53,TC_053,"Type B
(2개턴)","4,6턴","상담사: 전화주신 분 가입자 본인 맞으십니까 아 네 감사합니다
고객: 네 맞아요
상담사: 인터넷 설치되어 있는 주소 말씀 부탁드리겠습니다
고객: 세종시 시청대로 546 
상담사: 네
고객: 수루백 8단지 805동 1103호요","상담사: 전화주신 분 가입자 본인 맞으십니까 아 네 감사합니다
고객: 네 맞아요
상담사: 인터넷 설치되어 있는 주소 말씀 부탁드리겠습니다
고객: [세종시:시도명] [시청대로:도로명] [546:건물본번] 
상담사: 네
고객: [수루백 8단지:건물명] [805:동정보]동 [1103:호정보]호요",
54,TC_054,"Type B
(2개턴)","4,6턴","
상담사: 아 그러세요 네 제가 빠르게 정보 확인 후 안내 도움드리겠습니다
고객: 네
상담사: 네 설치된 주소 확인 부탁드리겠습니다
고객: 진주시 남강로543번길
상담사: 네에
고객: 아 301호요","
상담사: 아 그러세요 네 제가 빠르게 정보 확인 후 안내 도움드리겠습니다
고객: 네
상담사: 네 설치된 주소 확인 부탁드리겠습니다
고객: [진주시:시도명] [남강로543번길:도로명]
상담사: 네에
고객: 아 [301:호정보]호요",
55,TC_055,"Type B
(2개턴)","4,6턴","상담사: 네  전에 사용하시던 저희 주소를  주소 동까지 말씀 부탁드립니다
고객:나나 사는  주소요
상담사: 네 맞습니다
고객: 나 나 사는데 응암2동
상담사: 네
고객:  아 저 237 다시 31에 9호 ","상담사: 네  전에 사용하시던 저희 주소를 버 주소 동의까지 말씀 부탁드립니다
고객:나나 사는  주소요
상담사: 네 맞습니다
고객: 나 나 사는데 [응암2동:읍면동명]
상담사: 네
고객:  아 저 [237:지번본번]-[31:지번부번]에 [9:호정보]호 ",
56,TC_056,"Type B
(2개턴)","4,6턴","상담사: 예 자동이체가 어떤 방법으로 등록되어 있었을까요
고객: 어 자세하게 모르겠는데
상담사: 아니시면 저희 등록되어 있던 주소 확인 가능하세요
고객: 네 네 동변로 55 802동 806호요
상담사: 무슨 구 무슨동인지 말씀부탁드립니다
고객: 아 대구 북구요","상담사: 예 자동이체가 어떤 방법으로 등록되어 있었을까요
고객: 어 자세하게 모르겠는데
상담사: 아니시면 저희 등록되어 있던 주소 확인 가능하세요
고객: 네 네 [동변로:도로명] [55:건물본번] [802:동정보]동 [806:호정보]호요
상담사: 무슨 구 무슨동인지 말씀부탁드립니다
고객: 아 [대구:시도명] [북구:시군구명]요",
57,TC_057,"Type B
(2개턴)","4,6턴","고객: 제가 제가 SK로 쓰다가 이번에 LG를 왔는데 이제 엄마 아빠가 이제 가족 결합 할인이 받고 있었는데 제가 추가로 들어갈려면 그 아까 핸드폰에서 한번 봤었는데 해지를 하고 다시 신청을 해야 되나요
상담사:  네 확인해보겠습니다.
상담사: 혹시 아버님 등록돼 있는 주소가 지역부터 동 어느 동인지까지 말씀 가능하십니까
고객: 네 경기도 안산시 상록구 본오로 1길 4 
상담사: 추가 주소는 없으실까요 
고객: 302호요 ","고객: 제가 제가 SK로 쓰다가 이번에 LG를 왔는데 이제 엄마 아빠가 이제 가족 결합 할인이 받고 있었는데 제가 추가로 들어갈려면 그 아까 핸드폰에서 한번 봤었는데 해지를 하고 다시 신청을 해야 되나요
상담사:  네 확인해보겠습니다.
상담사: 혹시 아버님 등록돼 있는 주소가 지역부터 동 어느 동인지까지 말씀 가능하십니까
고객: 네 [경기도:시도명] [안산시:시군구명] [상록구:시군구명] [본오로 1길:도로명] [4:건물본번]
상담사: 추가 주소는 없으실까요 
고객: [302:호정보]호요 ","정답 도로명: 본이로 1길 4
STT 주소 발화: 본의로 일길 4
=>도로명주소가 틀리게 발화된경우

도로명 +건물본번 검색했으나 주소 없음 
(주소를 틀리게 말했거나 STT발화되었거나)

통합 주소는 있으나 주소봇에 주소가 없는 케이스
"
58,TC_058,"Type B
(2개턴)","4,6턴","상담사: 현재 아버님 요금 납부 방법 지로라고 말씀을 해 주셨는데요
고객R: 예
상담사: 등록돼 있는 주소지가 그 지역과 동까지만 확인을 부탁드리겠습니다
고객: 예 경남 거천군 
상담사: 네
고객: 고재면 원기길 90
상담사: 맞습니다 그 자동 납부를 등록해 드릴려면 아버님과 간단하게 동의 통화 후에 처리 해 드릴 수가 있는데요
고객: 네","상담사: 현재 아버님 요금 납부 방법 지로라고 말씀을 해 주셨는데요
고객: 예
상담사: 등록돼 있는 주소지가 그 지역과 동까지만 확인을 부탁드리겠습니다
고객: 예 [경남:시도명] [거천군:시군구명] 
상담사: 네
고객: [고재면:읍면동명] [원기길:도로명] [90:건물본번]
상담사: 맞습니다 그 자동 납부를 등록해 드릴려면 아버님과 간단하게 동의 통화 후에 처리 해 드릴 수가 있는데요
고객: 네",
59,TC_059,"Type B
(2개턴)","4,6턴","고객: 이거 저 그 미래 저 추신에서 그 저 전화 요금 미납됐다고 통보 저 연락이 왔더라고요
상담사: 아 그러세요 바로 확인해 보겠습니다 저 고객님과의 관계와 성함 말씀 부탁드립니다
고객: 예 예
상담사: 시 포함해서 로까지 주소 말씀 부탁드립니다
고객: 경기도 광릉시 철산로 57에  1318동 1305호요
상담사: 주소가  시가 틀린데 시를 다시 확인 부탁드립니다.
고객: 아 광명시요 광명
상담사: 네 확인 감사합니다 먼저 확인해 보니까
상담사: 최초로 개통된 날짜가 2025년 7월입니다 네 그리고 지금도 개통되어 있는 상태입니다
고객: 예","고객: 이거 저 그 미래 저 추신에서 그 저 전화 요금 미납됐다고 통보 저 연락이 왔더라고요
상담사: 아 그러세요 바로 확인해 보겠습니다
상담사: 시 포함해서 로까지 주소 말씀 부탁드립니다
고객: 예 예 [경기도:시도명] [광릉시:시군구명] [철산로 57:도로명]에  [1318:동정보]동 [1305:호정보]호요
상담사: 주소에서 무슨 시인지  다시 확인 부탁드립니다.
고객: 아 [광명시:시군구명]요 [광명:시군구명]
상담사: 네 확인 감사합니다 먼저 확인해 보니까
상담사: 최초로 개통된 날짜가 2025년 7월입니다 네 그리고 지금도 개통되어 있는 상태입니다
고객: 예",
60,TC_060,"Type B
(2개턴)","4,6턴","고객: 예 선택 약정 그거 아  12개월 연장할려고 하는데요
상담사: 아 그러세요 제가 빠르게 확인 후 안내 도와드리겠습니다
상담사:저희 등록되어 있던 주소지 지역과 동가지만 확인 가능하세요
고객:  잠시만요 학동로 68길
상담사: 네에
고객: 29  110동 1801호요","고객: 예 선택 약정 그거 아  12개월 연장할려고 하는데요
상담사: 아 그러세요 제가 빠르게 확인 후 안내 도와드리겠습니다
상담사:저희 등록되어 있던 주소지 지역과 동가지만 확인 가능하세요
고객:  잠시만요 [학동로 68길:도로명]
상담사: 네에
고객: [29:건물본번]  [110:동정보]동 [1801:호정보]호요",
61,TC_061,"Type B
(2개턴)","5,6턴","고객: 아 네 저 그 핸드폰 아니 아니 아니 그 공유기 요금을 다른 주소로 변경 가능할까요
상담사: 어 네 우선은 명의자분 본인되십니까
고객: 네
상담사: 네 인터넷하고 TV 지금 사용하시는데요 여기 어 네 여기 사용하시는 주소 한번만 말씀 부탁드립니다
고객: 전북 익산시 하나로11길 32 다시 7번지
고객: 훈하우스 305호요","고객: 아 네 저 그 핸드폰 아니 아니 아니 그 공유기 요금을 다른 주소로 변경 가능할까요
상담사: 어 네 우선은 명의자분 본인되십니까
고객: 네
상담사: 네 인터넷하고 TV 지금 사용하시는데요 여기 어 네 여기 사용하시는 주소 한번만 말씀 부탁드립니다
고객: [전북:시도명] [익산시:시군구명] [하나로11길:도로명] [32:건물본번] - [7:건물부번]번지
고객: [훈하우스:건물명] [305:호정보]호요",
62,TC_062,"Type B
(2개턴)","5,6턴","고객: 아 아니요 그거는 아니고 그냥 그 우편으로 받게끔만 변경해 주십시오
상담사: 아 네 알겠습니다 그럼 어머님 현재 납부하시는 방법이 카드 은행 지로 중에 어떤 방법으로 등록되어 있습니까
고객: 은행 은행으로 계좌이체로 되어 있는 걸로 알고 있습니다
상담사: 네 감사합니다 그럼 주소지 한번 말씀 부탁드리겠습니다
고객: 예 울산시 중구 북부 순환도로 680 
고객: 세운 팔스타운 4동 601호요
상담사: 아 네 확인 감사합니다 그럼 우편으로 받으실 수 있게끔 다시 재변경 요청해 드렸구요","고객: 아 아니요 그거는 아니고 그냥 그 우편으로 받게끔만 변경해 주십시오
상담사: 아 네 알겠습니다 그럼 어머님 현재 납부하시는 방법이 카드 은행 지로 중에 어떤 방법으로 등록되어 있습니까
고객: 은행 은행으로 계좌이체로 되어 있는 걸로 알고 있습니다
상담사: 네 감사합니다 그럼 주소지 한번 말씀 부탁드리겠습니다
고객: 예 [울산시:시도명] [중구:시군구명] [북부순환도로:도로명] [680:건물본번] 
고객: [세운 팔스타운:건물명] [4:동정보]동 [601:호정보]호요
상담사: 아 네 확인 감사합니다 그럼 우편으로 받으실 수 있게끔 다시 재변경 요청해 드렸구요",
63,TC_063,"Type B
(2개턴)","6,8턴","상담사: 혹시 TV나 인터넷 요금일 수 있는데 TV나 인터넷 사용하고 계십니까
고객: 네 네
상담사: 인터넷 설치된 주소를 로까지만 말씀 부탁드립니다
고객: 네에 잠시만요
상담사: 네
고객: 아 연수구 옥련동
상담사: 네
고객: 럭키송도아파트요
상담사: 아 감사합니다 금방 한번 확인하겠습니다 네 인터넷 TV 요금이 결제가 되지 않고 있습니다
","상담사: 혹시 TV나 인터넷 요금일 수 있는데 TV나 인터넷 사용하고 계십니까
고객: 네 네
상담사: 인터넷 설치된 주소를 로까지만 말씀 부탁드립니다
고객: 네에 잠시만요
상담사: 네
고객: 아 [연수구:시군구명] [옥련동:읍면동명]
상담사: 네
고객: [럭키송도아파트:건물명]요
상담사: 아 감사합니다 금방 한번 확인하겠습니다 네 인터넷 TV 요금이 결제가 되지 않고 있습니다","도로명 말안하고 지번명 말했으나 지번본번/부번없음
아파트명만 말하고 동,호수 정보 말안함"
64,TC_064,"Type B
(2개턴)","7,9턴","고객: 엘지 유플러스로 지금 휴대폰 사용하고 있는데  부가서비스가 들어가 있는 있나 확인할 수 있나요
상담사: 성함이 김유플 고객님 맞으십니까 김유플고객님의 생년월일 확인 부탁드립니다.
고객: 네  851205
상담사: 네 확인 너무 감사합니다.등록되어 있는 주소지를 시 구 동까지만 말씀 부탁드립니다.
고객: 양주인가요
상담사: 아닙니다
고객: 그러명 의정부로 돼 있나요 의정부 용현동
상담사: 네에 
고객: 아 그럼 예전 주소를 안 바꾼 거네 그럼  건영아파트로 돼 있나요
상담사: 네 맞습니다
상담사: 확인해보니 가입된 부가서비스 전혀 없습니다","고객: 엘지 유플러스로 지금 휴대폰 사용하고 있는데  부가서비스가 들어가 있는 있나 확인할 수 있나요
상담사: 성함이 김유플 고객님 맞으십니까 김유플고객님의 생년월일 확인 부탁드립니다.
고객: 네  851205
상담사: 네 확인 너무 감사합니다.등록되어 있는 주소지를 시 구 동까지만 말씀 부탁드립니다.
고객: 양주인가요
상담사: 아닙니다
고객: 그러명 의정부로 돼 있나요 [의정부:시군구명] [용현동:읍면동명] 
상담사: 네에
고객: 아 그럼 예전 주소를 안 바꾼 거네 그럼  [건영아파트:건물명]로 돼 있나요
상담사: 네 맞습니다
상담사: 확인해보니 가입된 부가서비스 전혀 없습니다","용현동 + 건영아파트(읍면동명+건물명) 행안부조회시
주소는 나오나 N개 주소 나옴 "
65,TC_065,"Type C
(3개턴이상)","1,3,5턴","고객: 예 양산시 그다음에 양주로 114
상담사: 네
고객: 현대아파트
상담사: 네
고객: 107동 205호요 
상담사: 네 확인 중에 있구요 잠시만 기다려 주시겠습니까
","고객: 예 [양산시:시군구명] 그다음에 [양주로:도로명] [114:건물본번]
상담사: 네
고객: [현대아파트:건물명]
상담사: 네
고객: [107:동정보]동 [205:호정보]호요 
상담사: 네 확인 중에 있구요 잠시만 기다려 주시겠습니까",
66,TC_066,"Type C
(3개턴이상)","1,3,5턴","고객:경기도 정자로 100 맞나요
상담사: 그쪽으로 되어 있진 않습니다.
고객: 정자일로 100
상담사: 무슨시 무슨 구까지  말씀 부탁드리겠습니다
고객: 성남시 분당구
상담사: 아 네 맞습니다 확인 너무 감사합니다 네 자동이체 잠시 확인해 볼 텐데 조금만 기다려 주시겠습니까","고객: [경기도:시도명] [정자로:도로명] [100:건물본번] 맞나요
상담사: 그쪽으로 되어 있진 않습니다.
고객: [정자일로:도로명] [100:건물본번]
상담사: 무슨시 무슨 구까지  말씀 부탁드리겠습니다
고객: [성남시 분당구:시군구명]
상담사: 아 네 맞습니다 확인 너무 감사합니다 네 자동이체 잠시 확인해 볼 텐데 조금만 기다려 주시겠습니까",
67,TC_067,"Type C
(3개턴이상)","1,3,5턴","
고객: 아 동래구
상담사: 네
고객: 외보로91번길
상담사: 네
고객:  71  3층
상담사: 네 따로 호수는 없습니까
고객: 네 없어요
","
고객: 아 [동래구:시군구명]
상담사: 네
고객: [외보로 91번길:도로명]
상담사: 네
고객: [71:건물본번]  [3:층정보]층
상담사: 네 따로 호수는 없습니까
고객: 네 없어요
",
68,TC_068,"Type C
(3개턴이상)","3,5,6턴","고객:예 안녕하세요 제가 지금 요금을 1GB 쓰는데 500MB 메가로 다운하고 싶어서 그러거든요
상담사: 아 그러세요 그럼 제가 확인하고 안내해 드리겠습니다
상담사: 가입자분 성함이 김유플 고객님으로 확인되었고 설치 주소 말씀 부탁드리곘습니다.
고객: 위시티로 
상담사: 네에 
고객: 아니아니  위시티4로 46 그리고
고객: 204동 1701호요","고객:예 안녕하세요 제가 지금 요금을 1GB 쓰는데 500MB 메가로 다운하고 싶어서 그러거든요
상담사: 아 그러세요 그럼 제가 확인하고 안내해 드리겠습니다
상담사: 가입자분 성함이 김유플 고객님으로 확인되었고 설치 주소 말씀 부탁드리곘습니다.
고객: [위시티로:도로명] 
상담사: 네에 
고객: 아니아니  [위시티4로:도로명] [46:건물본번] 그리고
고객: [204:동정보]동 [1701:호정보]호요",
69,TC_069,"Type C
(3개턴이상)","3,5,6턴","고객: 아 네 안녕하세요 TV 요금제 변경할려고 연락드렸는데요
상담사:  네 빠르게 변경 도와드리겠습니다.인터넷 TV 설치 된 곳에 주소 말씀 부탁드립니다
고객: 목동동로 10길 
상담사: 네에 
고객: 16다시 6
고객:  경남아너스빌 1504동 105호요   ","고객: 아 네 안녕하세요 TV 요금제 변경할려고 연락드렸는데요
상담사:  네 빠르게 변경 도와드리겠습니다.인터넷 TV 설치 된 곳에 주소 말씀 부탁드립니다
고객: [목동동로 10길:도로명] 
상담사: 네에 
고객: [16:건물본번]- [6:건물부번]
고객:  [경남아너스빌:건물명] [1504:동정보]동 [105:호정보]호요   ",
70,TC_070,"Type C
(3개턴이상)","2,4,5턴","상담사: 아 그러세요 아니면 저희 집 주소 시구 동 동까지만 말씀을 부탁드리겠습니다
고객: 예 팜스프링아파트 128동이요
상담사: 네 요게 혹시 무슨 시 무슨 동일까요
고객: 아동동 아니 파주시 아동동
상담사: 아동동 네 감사합니다 그러면 잠시만 기다려 주시겠습니까
고객: 네","상담사: 아 그러세요 아니면 저희 집 주소 시구 동 동까지만 말씀을 부탁드리겠습니다
고객: 예 [팜스프링아파트:건물명] [128:동정보]동이요
상담사: 네 요게 혹시  무슨 시 무슨 동일까요
고객: [아동동:읍면동명] 아니 [파주시:시군구명] [아동동:읍면동명]
상담사: [아동동:읍면동명] 네 감사합니다 그러면 잠시만 기다려 주시겠습니까
고객: 네",지번명과 건물명만 말함(지번본번/부번 정보 없음)
71,TC_071,"Type C
(3개턴이상)","2,4,6턴","상담사: 주소 말씀 부탁드리겠습니다.
고객:  아 주소요. 인천 중구 흰바위로
상담사: 네에 
고객: 277
상담사: 네에
고객: 266동 1801호","상담사: 주소 말씀 부탁드리겠습니다.
고객:  아 주소요. [인천:시도명] [중구:시군구명] [흰바위로:도로명]
상담사: 네에 
고객: [277:건물본번]
상담사: 네에
고객: [266:동정보]동 [1801:호정보]호",
72,TC_072,"Type C
(3개턴이상)","2,4,6턴","상담사: 변경하실 주소 말씀해 주시겠습니까
고객: 네 서구 청라동 인천광역시 서구 청라동
상담사: 네
고객: 1591 청남 롯데캐슬
상담사: 네
고객: 107동 2401호","상담사: 변경하실 주소 말씀해 주시겠습니까
고객: 네 [서구:시군구명] [청라동:읍면동명] [인천광역시:시도명] [서구:시군구명] [청라동:읍면동명]
상담사: 네
고객: [1591:건물본번] [청남 롯데캐슬:건물명]
상담사: 네
고객: [107:동정보]동 [2401:호정보]호",
73,TC_073,"Type C
(3개턴이상)","2,4,6턴","상담사: 아 그러세요 인터넷  현재 기존에 설치돼 있던 주소지가 어떻게 되실까요
고객: 경기 안양시 동안구 
상담사: 네
고객: 경수대로 721번길 44 다시 18 
상담사: 네
고객: 삼경빌라 나동 302호요
","상담사: 아 그러세요 인터넷  현재 기존에 설치돼 있던 주소지가 어떻게 되실까요
고객: [경기:시도명] [안양시:시군구명] [동안구:시군구명] 
상담사: 네
고객: [경수대로 721번길:도로명] [44:건물본번] - [18:건물부번] 
상담사: 네
고객: [삼경빌라:건물명] [나:동정보]동 [302:호정보]호요",
74,TC_074,"Type C
(3개턴이상)","3,5,6턴","고객: 아 예 지금 인터넷 연결이 안되거든요 WIFI가요
상담사: 인터넷 WIFI 연결이 안돼서 많이 불편하셨겠습니다. 사용중에 계신 곳 주소 말씀 부탁드립니다
고객: 거제시 장평로 6길 
상담사: 네에 
고객: 13 성원아파트 아 그리고
고객: 2동 811호요","고객: 아 예 지금 인터넷 연결이 안되거든요 WIFI가요
상담사: 인터넷 WIFI 연결이 안돼서 많이 불편하셨겠습니다. 사용중에 계신 곳 주소 말씀 부탁드립니다
고객: [거제시:시군구명][ 장평로 6길:도로명]
상담사: 네에 
고객: [13:건물본번] [성원아파트:건물명] 아 그리고
소샛: [2:동정보]동 [811:호정보]호요",
75,TC_076,"Type C
(3개턴이상)","3,5,7턴","고객: 아 잠시만요 문자를 봐야 돼서 잠시만요
상담사: 아 네 고객님 천천히 해주셔도 됩니다
고객: 예 서울시 송파구
상담사: 네
고객: 가락동 79 다시 4
상담사: 네
고객: 최화오피스텔 5층 505호요","고객: 아 잠시만요 주소는 문자를 봐야 돼서 잠시만요
상담사: 아 네 고객님 천천히 해주셔도 됩니다
고객: 예 [서울시:시도명] [송파구:시군구명]
상담사: 네
고객: [가락동:읍면동명][79:건물본번] - [4:건물부번]
상담사: 네
고객: [최화오피스텔:건물명] [5:층정보]층 [505:호정보]호요",
76,TC_076,"Type C
(3개턴이상)","4,6,7턴","고객: 네 최근에 아버지가 또 휴대폰이 또 박살이 나서 그런데 이런 경우는 는 혹시 뭐 보험 처리가 따로 적용이 되는 게 안 되는지 그것 좀 확인하고 싶어가지고요
상담사: 아 그러세요 많이 난감하셨겠습니다 우선 그럼 제가 아버님 사용하시는 번호 좀 조회가 필요한데요
상ㄷ마사: 분 번호랑 추가 정보 확인이 필요한데 어 아니시면 아버님 그 등록해 놓으신 주소지 시구 동까지만 한번 여쭐 수 있을까요
고객: 그 부산시
상담사: 네
고객: 그 북구 구포동이구요 벽산그린페드 2차일 거예요
고객: 100 아니 103동 1301호
상담사: 어 네 정확하게 지금 말씀해 주셨습니다 예 지금 확인해 보았을 때 말씀처럼 이제 가입된 보험이 있는데 이게 실제로 아버님께서 처음에 말씀처럼 전산에 개통하셨던 그 기기 일련번호는 이제 어머님께서 일단 사용을 하고 있습니다.","고객: 네 최근에 아버지가 또 휴대폰이 또 박살이 나서 그런데 이런 경우는 는 혹시 뭐 보험 처리가 따로 적용이 되는 게 안 되는지 그것 좀 확인하고 싶어가지고요
상담사: 아 그러세요 많이 난감하셨겠습니다 우선 그럼 제가 아버님 사용하시는 번호 좀 조회가 필요한데요
상담사: 추가 정보 확인이 필요한데 어 아니시면 아버님 그 등록해 놓으신 주소지 시구 동까지만 한번 여쭐 수 있을까요
고객: 그 [부산시:시도명]
상담사: 네
고객: 그 [북구:시군구명] [구포동:읍면동명]이구요 [벽산그린페드 2차:건물명]일 거예요
고객: 100 아니  [103:동정보]동 [1301:호정보]호
상담사: 어 네 정확하게 지금 말씀해 주셨습니다 예 지금 확인해 보았을 때 말씀처럼 이제 가입된 보험이 있는데 이게 실제로 아버님께서 처음에 말씀처럼 전산에 개통하셨던 그 기기 일련번호는 이제 어머님께서 일단 사용을 하고 있습니다.",
77,TC_077,"Type C
(3개턴이상)","4,6,8턴","고객: 저 인터넷이 안되서 매장이라서 지금 카드 체크카드 안되고 다 안되거든요
상담사: 그러세요 많이 불편하셨겠습니다. 제가 책임지고 도움드리겠습니다.
고객: 네에
상담사: 인터넷 사용중인 주소지까지 말씀 부탁드리겠습니다.
고객: 이동 653-14번
상담사: 어 혹시 죄송하지만 전체 주소지로 말씀 부탁드려도 괜찮으실까
고객: 포항시 남구 
상담사:네
고객: 데이로 159번길 5 다시 9
상담사: 확인 감사합니다. 정확하게 조회되었구요 혹시 언제부터 인터넷이 안되었던 걸까요","고객: 저 인터넷이 안되서 매장이라서 지금 카드 체크카드 안되고 다 안되거든요
상담사: 그러세요 많이 불편하셨겠습니다. 제가 책임지고 도움드리겠습니다.
고객: 네에
상담사: 인터넷 사용중인 주소지까지 말씀 부탁드리겠습니다.
고객: [이동:읍면동명] [653:지번본번]-[14:지번부번]번
상담사: 어 혹시 죄송하지만 전체 주소지로 말씀 부탁드려도 괜찮으실까
고객: [포항시:시군구명] [남구:시군구명]
상담사:네
고객: [데이로 159번길:도로명] [5:건물본번] - [9:건물부번]
상담사: 확인 감사합니다. 정확하게 조회되었구요 혹시 언제부터 인터넷이 안되었던 걸까요",
78,TC_078,"Type C
(3개턴이상)","2,3,8턴","상담사: 죄송합니다 통장으로 되어 있지 않아서 그럼 주소지가 어느 시 어느 구 무슨 동인가요
고객: 순천시 영수동길 100 
상담사: 주소가 다른데 다시 확인 부탁드립니다.
고객: 아 주소가 달라요
상담사: 네 고객님 죄송합니다
고객: 저희요 이사를 한 지가 꽤 돼서 지금 그 주소지가 거기만 변경이 안 돼 있나 본데
상담사:네
고객: 그럼 전남 순천시 상서면 상사호길 344 
고객: 그것도 아닌가요
상담사: 그 잠깐만요 한번 볼게요 네 확인 감사합니다 아유 고객님 정말 고생하셨습니다","상담사: 죄송합니다 통장으로 되어 있지 않아서 그럼 주소지가 어느 시 어느 구 무슨 동인가요
고객: [순천시:시군구명] [영수동길:도로명] [100:건물본번]
상담사: 주소가 다른데 다시 확인 부탁드립니다.
고객: 아 주소가 달라요
상담사: 네 고객님 죄송합니다
고객: 저희요 이사를 한 지가 꽤 돼서 지금 그 주소지가 거기만 변경이 안 돼 있나 본데
상담사:네
고객: 그럼 [전남:시도명] [순천시:시군구명] [상서면:읍면동명] [상사호길:도로명] [344:건물본번] 
고객: 그것도 아닌가요
상담사: 그 잠깐만요 한번 볼게요 네 확인 감사합니다 아유 고객님 정말 고생하셨습니다",
79,TC_079,"Type C
(3개턴이상)","4,6,8턴","고객: 예 수고하십니다 이거 리모컨이 안 된다는데
상담사: 그러시군요 그렇다면 제가 어떤 리모컨인지 빠르게 확인해보고 안내하겠습니다
상담사: 많이 답답하셨겠습니다 연락주신 분 김유플고객님 본인 맞으십니까 네 설치 되어 있는 주소 말씀 부탁드립니다
고객: 강원도 평창군 진보면
상담사: 네에 
고객: 경강로 3587
상담사: 네에 
고객: 주공아파트 802호요
상담사: 감사합니다 네 확인되었습니다 혹시 리모컨만 안 되시는 걸까요","고객: 예 수고하십니다 이거 리모컨이 안 된다는데
상담사: 그러시군요 그렇다면 제가 어떤 리모컨인지 빠르게 확인해보고 안내하겠습니다
상담사: 많이 답답하셨겠습니다 연락주신 분 김유플고객님 본인 맞으십니까 네 설치 되어 있는 주소 말씀 부탁드립니다
고객: [강원도:시도명] [평창군:시군구명] [진보면:읍면동명]
상담사: 네에 
고객: [경강로:도로명] [3587:건물본번]
상담사: 네에 
고객: [주공아파트:건물명] [802:호정보]호요
상담사: 감사합니다 네 확인되었습니다 혹시 리모컨만 안 되시는 걸까요",
80,TC_080,"Type C
(3개턴이상)","4,6,8턴","상담사: 문자 안에 해외 발신 국제 발신 또는 국제문자라고 해서 적혀져서 들어오는 경우들이 많습니다.그래서 그런 단어들을 차단해 드릴 수가 있는데 그렇게 좀 신청을 좀와 드려도 괜찮을까요
고객: 네
상담사: 네 고객님 그럼 본인 확인을 위해서 집 주소 시구 동 동까지만 말씀을 부탁드리겠습니다
고객: 햇빛마을 2415동 902호요
상담사: 네 요게 혹시어느 지역과 어느 동일까요
고객: 덕양구 고양시 
상담사: 네에 
고객: 행신동 화신로 106이요
상담사:  네 확인 감사합니다 그러면 잠시만 기다려 주시겠습니까 네","상담사: 문자 안에 해외 발신 국제 발신 또는 국제문자라고 해서 적혀져서 들어오는 경우들이 많습니다.그래서 그런 단어들을 차단해 드릴 수가 있는데 그렇게 좀 신청을 좀와 드려도 괜찮을까요
고객: 네
상담사: 네 고객님 그럼 본인 확인을 위해서 집 주소 시구 동 동까지만 말씀을 부탁드리겠습니다
고객:[ 햇빛마을:건물명] [2415:동정보]동 [902:호정보]호
상담사: 네 요게 혹시 어느 지역과 어느 동일까요
고객: [덕양구:시군구명] [고양시:시군구명] 
상담사: 네에 
고객: [행신동:읍면동명] [화신로:도로명] [106:건물본번]이요
상담사:  네 확인 감사합니다 그러면 잠시만 기다려 주시겠습니까 네",
81,TC_081,"Type C
(3개턴이상)","4,8,10턴","고객: 예 저 이사 가게 돼가지고요
상담사: 그러세요 고객님 제가 정보 확인하고 이사 접수 도움드리겠습니다
상담사: 고객님 이사 접수하기 위해서 어 우리 이사하시기 전 주소지 말씀 부탁드립니다
고객: 신 신림동 신림 현대아파트 105동 710호요
상담사:감사합니다 확인되었구요 현재 사용하고 계시는 상품이 인터넷 한회선 TV 한대 총 두가지 상품 이사 접수 도움드리겠습니다
고객: 예 예 
상담사: 혹시 이사하는 주소는 어떻게 되세요
고객: 저기 대치동 은마아파트 8동 1002호
상담사: 고객님 기다려주셔서 감사합니다 어 주소지가 대치동 은마아파트이실까요
고객: 은마 아파트 예 예 예 예
상담사: 조회 한번 해보겠습니다.","고객: 예 저 이사 가게 돼가지고요
상담사: 그러세요 고객님 제가 정보 확인하고 이사 접수 도움드리겠습니다
상담사: 고객님 이사 접수하기 위해서 어 우리 이사하시기 전 주소지 말씀 부탁드립니다
고객: 신 [신림동:읍면동명] [신림 현대아파트:건물명] [105:동정보]동 [710:호정보]호요
상담사:감사합니다 확인되었구요 현재 사용하고 계시는 상품이 인터넷 한회선 TV 한대 총 두가지 상품 이사 접수 도움드리겠습니다
고객: 예 예 
상담사: 혹시 이사하는 주소는 어떻게 되세요
고객: 저기 [대치동:읍면동명] [은마아파트:건물명] [8:동정보]동[1002:호정보]호
상담사: 고객님 기다려주셔서 감사합니다 어 주소지가 [대치동:읍면동명] [은마아파트:건물명]이실까요
고객: [은마 아파트:건물명] 예 예 
상담사: 조회 한번 해보겠습니다.","이전설치 상담의 경우 접수를 위해 고객의 
이전주소와 이사할 주소를 모두 탐색하는데 
위경우 주소봇에 이전/이후 주소를 모두 제공해야함"
82,TC_082,"Type C
(3개턴이상)","5,7,9턴","고객: 이사 떄문에 그 인터넷 이전 설치 요청을 했었는데요 제가 신청한 내역이 지어졌더라고요
상담사: 많이 당황하셨을텐데요 네 불러주신 정보로 이전설치 접수 내역을 먼저 해보겠습니다.
고객: 네에 
상담사:  기존에 설치되어 있는 주소 말씀 부탁드립니다
고객: 정몽주로 481번지
상담사: 무슨시 무슨구 인가요?
고객: 포항시 남구 
상담사: 네에  
고객: 문덕리 19동 402호요","고객: 이사 떄문에 그 인터넷 이전 설치 요청을 했었는데요 제가 신청한 내역이 지어졌더라고요
상담사: 많이 당황하셨을텐데요 네 불러주신 정보로 이전설치 접수 내역을 먼저 해보겠습니다.
고객: 네에 
상담사:  기존에 설치되어 있는 주소 말씀 부탁드립니다
고객: [정몽주로:도로명] [481:건물본번]번지
상담사: 무슨시 무슨구 인가요?
고객: [포항시:시군구명] [남구:시군구명] 
상담사: 네에  
고객: [문덕리:리] [19:동정보]동 [402:호정보]호요",
83,TC_083,"Type C
(3개턴이상)","5,7,9턴","고객: 아 예 저희가 이사를 가는데요 어 일단은 그 우리가 이거 그 약정이 몇 년 됐어요
상담사: 네 약정 안내 도와드릴 텐데요 우선 현재 김유플 고객님 본인 맞으십니까 
고객: 네 맞아요 
상담사: 네 그러시면 인터넷과 TV 설치되어 있는 주소 말씀 부탁드리겠습니다
고객: 음 세종시 마음로 67 
상담사: 네에 
고객: 고운동 가락마을 1단지
상담사: 네에 
고객:  110동 501호요
상담사: 네 확인 감사합니다 약정 기간은 확인해 봤을 때 약정은 2026년 11월 1일까지입니다. ","고객: 아 예 저희가 이사를 가는데요 어 일단은 그 우리가 이거 그 약정이 몇 년 됐어요
상담사: 네 약정 안내 도와드릴 텐데요 우선 현재 김유플 고객님 본인 맞으십니까 
고객: 네 맞아요 
상담사: 네 그러시면 인터넷과 TV 설치되어 있는 주소 말씀 부탁드리겠습니다
고객: 음 [세종시:시도명] [마음로:도로명] [67:건물본번] 
상담사: 네에 
고객: [고운동:읍면동명] [가락마을 1단지:건물명]
상담사: 네에 
고객:  [110:동정보]동 [501:호정보]호요
상담사: 네 확인 감사합니다 약정 기간은 확인해 봤을 때 약정은 2026년 11월 1일까지입니다. ",
84,TC_084,"Type C
(3개턴이상)","2,4,5,7턴","상담사: 기다려 주셔서 감사합니다 고객님 설치되어 있는 주소 확인 부탁드리겠습니다
고객: 인천 중구
상담사: 네
고객: 차이나타운로 44번길 10이요
고객: 북성동 2가 계명빌라
상담사: 몇층 이신가요
고객: B동 2층  201호요 
상담사: 네 확인 감사합니다","상담사: 기다려 주셔서 감사합니다 고객님 설치되어 있는 주소 확인 부탁드리겠습니다
고객: [인천:시도명] [중구:시군구명]
상담사: 네
고객: [차이나타운로 44번길:도로명] [10:건물본번]이요
고객: [북성동 2가:읍면동명] [계명빌라:건물명] 
상담사: 몇층 이신가요
고객: [B:동정보]동 [2:층정보]층 [201:호정보]호요 
상담사: 네 확인 감사합니다",
85,TC_085,"Type C
(3개턴이상)","6,8,10턴","고객: 안녕하세요 저 그 인터넷 그 이제 명의 변경할려고 전화드렸는데요
상담사: 아 그러시군요 고객님의 가입 정보 확인 후에 신속하게 안내드리겠습니다
상담사:  김유플고객님 정보 확인되었습니다 본인 맞으십니까
고객: 네 네 맞습니다
상담사: 네 인터넷 설치해서 사용 중이신 전체 주소 부탁드리겠습니다
고객: 부산 서구 
상담사: 네에 
고객: 부수대로 154번길
상담사: 네에 
고객: 48 201호입니다
상담사: 네 정보 확인 감사합니다 아 고객님 그 명의는 어디로 누구 쪽으로 변경하시는 거예요","고객: 안녕하세요 저 그 인터넷 그 이제 명의 변경할려고 전화드렸는데요
상담사: 아 그러시군요 고객님의 가입 정보 확인 후에 신속하게 안내드리겠습니다
상담사:  김유플고객님 정보 확인되었습니다 본인 맞으십니까
고객: 네 네 맞습니다
상담사: 네 인터넷 설치해서 사용 중이신 전체 주소 부탁드리겠습니다
고객: [부산:시도명] [서구:시군구명] 
상담사: 네에 
고객: [보수대로154번길:도로명]
상담사: 네에 
고객: [48:건물본번] [201:호정보]호입니다
상담사: 네 정보 확인 감사합니다 아 고객님 그 명의는 어디로 누구 쪽으로 변경하시는 거예요",
86,TC_086,"Type C
(3개턴이상)","7,9,11턴","고객:  아니 제 지금 제가 지금 전화한 거는 그 번호 아닌데 이 번호를 빼서 그렇게 소액 결제하고 다 쓴 거예요
상담사: 네 가입자님 성함과 생년월일 말씀 부탁드립니다
고객: 음 김유플이고요 550510이요 
상담사: 네 본인분 맞으십니까
고객: 네 본인이요
상담사: 마지막으로 주소지 처음부터 동까지만 말씀 부탁드립니다
고객: 인천시 부평구 
상담사: 네에 
고객: 항동로7번길
상담사: 네 
고객:  37 원우빌라 202호
상담사: 고객님 혹시 저희 전산에는 해당 주소지로 돼 있지 않아서 다른 주소지 없으신가요
고객 : 아니 여기가 내 사는 주소인데 이게 제 번호가 아니고 제가 지금 걸은 전화는 엄마 번호예요 ","고객:  아니 제 지금 제가 지금 전화한 거는 그 번호 아닌데 이 번호를 빼서 그렇게 소액 결제하고 다 쓴 거예요
상담사: 네 가입자님 성함과 생년월일 말씀 부탁드립니다
고객: 음 김유플이고요 550510이요 
상담사: 네 본인분 맞으십니까
고객: 네 본인이요
상담사: 마지막으로 주소지 처음부터 동까지만 말씀 부탁드립니다
고객: [인천시:시도명] [부평구:시군구명] 
상담사: 네에 
고객: [항동로7번길:도로명]
상담사: 네 
고객:  [37:건물본번] [원우빌라:건물명] [202:호정보]호
상담사: 고객님 혹시 저희 전산에는 해당 주소지로 돼 있지 않아서 다른 주소지 없으신가요
고객 : 아니 여기가 내 사는 주소인데 이게 제 번호가 아니고 제가 지금 걸은 전화는 엄마 번호예요 ",
87,TC_087,"Type C
(3개턴이상)","7,9,11턴","고객: 제가 이사 해가지고 이전 설치를 하고 재약정을 했거든요
상담사: 네 그러십니까
고객: 근데 이전 설치를 끝나고 나면
고객: 유플러스에서 고객센터에서 뭐 준다 했는데 아무 연락이 없길래 전화 한번 해놨습니다
상담사: 아 그러십니까 제가 빠르게 정보 조회하고 안내드리도록 하겠습니다
상담사:  네 이전하신 곳 주소지 말씀 부탁드리겠습니다
고객: 인주대로 5 
상담사: 네
고객: 힐스테이트 숭2역
상담사: 네
고객: 102동 1802호요","고객: 제가 이사 해가지고 이전 설치를 하고 재약정을 했거든요
상담사: 네 그러십니까
고객: 근데 이전 설치를 끝나고 나면
고객: 유플러스에서 고객센터에서 뭐 준다 했는데 아무 연락이 없길래 전화 한번 해놨습니다
상담사: 아 그러십니까 제가 빠르게 정보 조회하고 안내드리도록 하겠습니다
상담사:  네 이전하신 곳 주소지 말씀 부탁드리겠습니다
고객: [인주대로:도로명] [5:건물본번] 
상담사: 네
고객: [힐스테이트 숭2역:건물명]
상담사: 네
고객: [102:동정보]동 [1802:호정보]호요",
88,TC_088,"Type C
(3개턴이상)","1,2,4,6턴","고객: 그니깐요 주소가 그렇다고요 울산 성안10길 26
고객: 어 성원 11길 26요
상담사: 말씀해 주신 주소지가 저희 쪽에 등록돼 있는 곳과 좀 다르게 되어 있는 거 같애서요
고객: 예 아 그래요 
고객: 울산 성안 11길 26
고객: 엔이원 빌리지 205호","고객: 그니깐요 주소가 그렇다고요 [울산:시도명] [성안10길:도로명] [26:건물본번]
고객: 어 [성원 11길:도로명] [26:건물본번]요
상담사: 말씀해 주신 주소지가 저희 쪽에 등록돼 있는 곳과 좀 다르게 되어 있는 거 같애서요
고객: 예 아 그래요 
고객: [울산:시도명] [성안 11길:도로명] [26:건물본번]
고객: [엔이원 빌리지:건물명] [205:호정보]호",
89,TC_089,"Type C
(3개턴이상)","2,3,4,6턴","상담사: 어 네 주소 한번 말씀해 주시면 제가 전산으로 인터넷 설치 가능한지 한번 조회해 보겠습니다
고객: 진주용로 50
상담사: 진주용로그리고 숫자 그냥 50 맞으십니까
고객: 역이요 역 진주역로 50 
상담사: 아 네 
고객: 진주의 봄아파트 102동요
","상담사: 어 네 주소 한번 말씀해 주시면 제가 전산으로 인터넷 설치 가능한지 한번 조회해 보겠습니다
고객: [진주용로:도로명] [50:건물본번]
상담사: [진주용로:도로명]그리고 숫자 그냥 [50:건물본번] 맞으십니까
고객: 역이요 역 [진주역로:도로명] [50:건물본번] 
상담사: 아 네 
고객: [진주의 봄아파트:건물명] [102:동정보]동요",
90,TC_090,"Type C
(3개턴이상)","4,6,8,10턴","상담사: 아 그러세요 제가 확인해서 결합 도와드리겠습니다 네 그럼 연락주신 분이 본인분 맞으십니까
고객: 네  맞아요
상담사: 예 그럼 개통하신 주소 확인 부탁드리겠습니다
고객: 어 충주 아니  충청북도 충주시
상담사: 네
고객: 중앙탄면
상담사: 네
고객: 원앙사길 51
상담사: 네
고객: 아 114동 1404호요
상담사: 확인 감사합니다 그럼 결합하실 인터넷은 어 저희 가족분 명의로 가입되어 있으신가요","상담사: 아 그러세요 제가 확인해서 결합 도와드리겠습니다 네 그럼 연락주신 분이 본인분 맞으십니까
고객: 네  맞아요
상담사: 예 그럼 개통하신 주소 확인 부탁드리겠습니다
고객: 어 [충주:시군구명] 아니  [충청북도:시도명] [충주시:시도명]
상담사: 네
고객: [중앙탄면:읍면동명]
상담사: 네
고객: [원앙사길:도로명] [51:건물본번]
상담사: 네
고객: 아 [114:동정보]동 [1404:호정보]호요
상담사: 확인 감사합니다 그럼 결합하실 인터넷은 어 저희 가족분 명의로 가입되어 있으신가요",
91,TC_091,"Type C
(3개턴이상)","2,4,6,8턴","
고객: 집주소로 해놨나
고객: 신정마을 현대프라임이요
상담사: 고객님 혹시 주소지가  무슨 시 무슨 구 무슨 동입니까
고객:: 아 용인시 수지구요
상담사: 아 네 무슨 동입니까
고객: 풍덕천로 89
상담사: 확인해 주셔서 감사합니다 ","
고객: 집주소로 해놨나
고객: [신정마을 현대프라임:건물명]이요
상담사: 고객님 혹시 주소지가 무슨 시 무슨 구 무슨 동입니까
고객:: 아 [용인시:시군구명] [수지구:시군구명]요
상담사: 아 네 무슨 동입니까
고객: [풍덕천로:도로명]  [89:건물본번]
상담사: 확인해 주셔서 감사합니다 ",
92,TC_092,"Type C
(3개턴이상)","3,5,6,8턴","고객:네 아 제 요금제 말이에요 요금제 어디로 나가는지 확인 가능할까요
상담사: 네 물론입니다 저희 현재 등록되어 있는 주소지 도로명 주소까지만 말씀 부탁드립니다
고객: 아 예 그 봉만터길 53
상담사:  어 현재 그 주소지로는 안 되어 있습니다
고객: 아 아 잠깐만요 신기로 116
고객: 용인 처인구 남동 이요
상담사: 도로명 다시 확인 부탁드립니다. 
고객: 신기로 116 다시 8  팝블러스힐
상담사: 주소 확인 되었습니다.","고객:네 아 제 요금제 말이에요 요금제 어디로 나가는지 확인 가능할까요
상담사: 네 물론입니다 저희 현재 등록되어 있는 주소지 도로명 주소까지만 말씀 부탁드립니다
고객: 아 예 그 [봉만터길:도로명] [53:건물본번]
상담사:  어 현재 그 주소지로는 안 되어 있습니다
고객: 아 아 잠깐만요 [신기로:도로명] [116:건물본번]
고객: [용인:시군구명] [처인구:시군구명] [남동:읍면동명] 이요
상담사: 도로명 다시 확인 부탁드립니다. 
고객: [신기로:도로명] [116:건물본번] -[8:건물부번]  [팝블러스힐:건물명]
상담사: 주소 확인 되었습니다.",
93,TC_093,"Type C
(3개턴이상)","4,6,8,10턴","상담사: 어 네 제가 우선 상품 확인해 보고 안내를 마저 도움을 드려보겠습니다
고객: 네
상담사: 네 상품 설치되어 있는 주소 말씀 부탁드립니다
고객: 잠원동 잠원로 8길
상담사: 네에 
고객: 35  
상담사: 네에
고객: 래미안 신반포 팰리스
상담사: 네
고객:  101동 704호요
상담사: 네 확인 감사합니다 이제 고객님 말씀하셨던 이제 인터넷과 TV 정상적으로 잘 확인되었습니다","상담사: 어 네 제가 우선 상품 확인해 보고 안내를 마저 도움을 드려보겠습니다.
고객: 네
상담사: 네 상품 설치되어 있는 주소 말씀 부탁드립니다
고객: [잠원동:읍면동명] [잠원로8길:도로명]
상담사: 네에 
고객: [35:건물본번]  
상담사: 네에 
고객: [래미안 신반포 팰리스:건물명]
상담사: 네
고객:  [101:동정보]동 [704:호정보]호요
상담사: 네 확인 감사합니다 이제 고객님 말씀하셨던 이제 인터넷과 TV 정상적으로 잘 확인되었습니다",
94,TC_094,"Type C
(3개턴이상)","6,8,10,12턴","고객: 예 저희가 제가 우리카드를 저기 유효기간이 지나서 새로운 카드로 발급을 받았는데 이거를 전화를 해야 된다 하더라고요
상담사: 아 네 그러세요 납부 방법 변경 도와드리겠습니다
상담사: 심유플고객님으로 확인됩니다 전화주신 분 본인 맞으십니까
고객: 네
상담사: 네 인터넷 설치되어 있는 주소 말씀 부탁드립니다
고객: 한순로 123 
상담사: 네에
고객: 309동 404호요 
상담사: 앞에 무슨 시 무슨구인지 확인 부탁드립니다.
고객: 용인시 서인구
상담사: 네에
고객:  남사읍이요 
상담사: 네 확인 감사합니다 어 고객님 혹시 카드 변경하시려는 카드는 고객님 명의의 카드이실까요","고객: 예 저희가 제가 우리카드를 저기 유효기간이 지나서 새로운 카드로 발급을 받았는데 이거를 전화를 해야 된다 하더라고요
상담사: 아 네 그러세요 납부 방법 변경 도와드리겠습니다
상담사: 심유플고객님으로 확인됩니다 전화주신 분 본인 맞으십니까
고객: 네
상담사: 네 인터넷 설치되어 있는 주소 말씀 부탁드립니다
고객: [한순로:도로명] [123:건물본번]
상담사: 네에
고객: [309:동정보]동 [404:호정보]호요 
상담사: 앞에 무슨 시 무슨구인지 확인 부탁드립니다.
고객: [용인시:시군구명] [서인구:시군구명]
상담사: 네에 
고객: [남사읍:읍면동명]이요 
상담사: 네 확인 감사합니다 어 고객님 혹시 카드 변경하시려는 카드는 고객님 명의의 카드이실까요",
95,TC_095,"Type C
(3개턴이상)","2,6,8,9,10턴","상담사: 그러면 등록되어 있는 주소지 시 동까지만 확인 한번 부탁드립니다
고객: 음 인천 계양구 오저산로 21번길이요
상담사: 혹시 말씀주신 주소지와 일치하지 않아서 다른 주소지로 확인 한번 해주실 수 있나요
고객: 예 이게 언제 쪽 주소인지 몰라서
상담사: 네
고객: 음 뭐 은행마을로 돼 있나요
상담사: 은행마을이 어디에 있는 은행 마을인가요
고객: 인천 계양구요
상담사: 계양구 어느 동입니까
고객: 작전동이요
상담사: 잠시만 기다려 주시겠습니까","상담사: 그러면 등록되어 있는 주소지 시 동까지만 확인 한번 부탁드립니다
고객: 음 [인천:시도명] [계양구:시군구명] [오저산로 21번길:도로명]이요
상담사: 혹시 말씀주신 주소지와 일치하지 않아서 다른 주소지로 확인 한번 해주실 수 있나요
고객: 예 이게 언제 쪽 주소인지 몰라서
상담사: 네
고객: 음 뭐[은행마을:건물명]로 돼 있나요
상담사: 은행마을이 어디에 있는 은행 마을인가요
고객: [인천:시도명] [계양구:시군구명]요
상담사: [계양구:시군구명] 어느 동입니까
고객: [작전동:읍면동명]이요
상담사: 잠시만 기다려 주시겠습니까","도로명과지번명만 말함
(건물본번/부번 정보 없고, 지번 본번/부번 정보없음)"
96,TC_096,"Type C
(3개턴이상)","4,6,8,10,12턴","상담사: 아 그러세요 아니시면 지금 기사 방문 접수 바로 도움드릴까요
고객: 네 차라리 그렇게 해 주세요
상담사: 네 알겠습니다 그러면  현재 설치되어 있는 곳 주소 확인 부탁드리겠습니다
고객: 아 수원시
상담사: 네
고객: 센트럴타운로
상담사: 네
고객: 22번길
상담사: 네
고객: 36이요
상담사: 네 혹시 몇 동 몇 호일까요
고객: 6001동 503호요
상담사: 네 확인 감사합니다 그럼 기사 방문 일정은 언제로 잡아드리는 게 편하실까요
고객: 혹시 이번 주 금요일 가능할까요","상담사: 아 그러세요 아니시면 지금 기사 방문 접수 바로 도움드릴까요
고객: 네 차라리 그렇게 해 주세요
상담사: 네 알겠습니다 그러면  현재 설치되어 있는 곳 주소 확인 부탁드리겠습니다
고객: 아 [수원시:시도명]
상담사: 네
고객: [센트럴타운로:도로명]
상담사: 네
고객: [22번길:도로명]
상담사: 네
고객: [36:건물본번]이요
상담사: 네 혹시 몇 동 몇 호일까요
고객: [6001:동정보]동 [503:호정보]호요
상담사: 네 확인 감사합니다 그럼 기사 방문 일정은 언제로 잡아드리는 게 편하실까요
고객: 혹시 이번 주 금요일 가능할까요",
97,TC_097,"Type C
(3개턴이상)","1,2,3,4,5,6턴","
상담사: 주소가 설계리로는 되어 있진 않습니다.
고객: 누너 치1로 5로 되어있나요
상담사: 네 눈어치1로가 혹시 무슨 시 무슨 구 무슨 동인가요
고객: 충북 영동군이요
상담사: 영동군 무슨 읍인가요
고객: 영동읍이요
","
상담사: 주소가 [설계리로:도로명]는 되어 있진 않습니다.
고객: [누너 치1로:도로명] [5:건물본번]로 되어있나요
상담사: 네 [눈어치1로:도로명]가 혹시 무슨 시 무슨 구 무슨 동인가요
고객: [충북:시도명] [영동군:시군구명]이요
상담사: [영동군:시군구명] 무슨 읍인가요
고객: [영동읍:읍면동명]이요
","도로명+건물본번(눈어치1로 5) 발화
=>행안부DB검색한다"
98,TC_098,"Type C
(3개턴이상)","6,8,10,12,14턴","고개객: 고친지 얼마 안됐는데 또 이게 저기 리모컨이 작동을 안해요
상담사: 아 그러셨을까요 리모컨 작동이 또 안된다면 이용에 너무 불편하셨을것 같습니다.
고객:예
상담사: 설치되어 있는 곳 주소 말씀 부탁드립니다.
고객: 아 저 옛날 주소로 해야되나 잠깐만요
상담사: 네
고객: 부천시
상담사: 네
고객: 오 오 오정구 
상담사: 네
고객: 고강로 56번길 
상담사: 네
고객: 161
상담사: 네 
고객: 5동 202호 삼진주택
상담사: 아 네 확인 감사합니다. 조회되었구요 리모컨 혹시 어떤 버튼이 안눌리는 걸까요","고개객: 고친지 얼마 안됐는데 또 이게 저기 리모컨이 작동을 안해요
상담사: 아 그러셨을까요 리모컨 작동이 또 안된다면 이용에 너무 불편하셨을것 같습니다.
고객:예
상담사: 설치되어 있는 곳 주소 말씀 부탁드립니다.
고객: 아 저 옛날 주소로 해야되나 잠깐만요
상담사: 네
고객: [부천시:시군구명]
상담사: 네
고객: 오 오 [오정구:시군구명] 
상담사: 네
고객: [고강로 56번길:도로명] 
상담사: 네
고객: [161:건물본번]
상담사: 네 
고객: [5:동정보]동 [202:호정보]호 [삼진주택:건물명]
상담사: 아 네 확인 감사합니다. 조회되었구요 리모컨 혹시 어떤 버튼이 안눌리는 걸까요","도로명 건물본번 고객 잘못 말했거나 STT 오발화 된경우

고강로 56번길 16-11인데 
고강로 56번길 161로 발화되어 행안부DB조회가 안됨
=>고객이 발화한 주소기반으로 표준주소형식으로 치환
해서 제공한다? "
99,TC_099,"Type C
(3개턴이상)","3,5,7,9턴","고객: 네 디즈니 플러스가 해지된 줄 알았는데 계속 요금이 나가서 확인 좀 할려 그러는데
상담사: 아 그러세요 많이 놀라셨겠습니다 빠르게 확인 후 안내해 드리겠습니다 네 TV 설치되어 있는 주소 말씀 부탁드립니다
고객: 경기 포천시 
상담사:네에 
고객: 소흘읍
상담사: 네에
고객: 호국로 523번길 
상담사: 네
고객: 61에  푸르미아르미소 102동 102호
상담사: 확인 감사합니다 고객님 제가 청구 요금 먼저 조회해 보겠습니다","고객: 네 디즈니 플러스가 해지된 줄 알았는데 계속 요금이 나가서 확인 좀 할려 그러는데
상담사: 아 그러세요 많이 놀라셨겠습니다 빠르게 확인 후 안내 드리겠습니다. 네 TV 설치되어 있는 주소 말씀 부탁드립니다
고객: [경기:시도명] [포천시:시군구명] 
상담사:네에 
고객: [소흘읍:읍면동명]
상담사: 네에
고객: [호국로 523번길:도로명] 
상담사: 네
고객: [61:건물본번]에  [푸르미아르미소:건물명] [102:동정보]동 [102:호정보]호
상담사: 확인 감사합니다 고객님 제가 청구 요금 먼저 조회해 보겠습니다",
100,TC_100,"Type C
(3개턴이상)","2,4,6,8,11,,12,13,14","상담사: 이사 전에 지금 현재 설치되어 있는 주소 확인 부탁드립니다
고객: 시흥시
상담사: 네
고객: 군자로 253번길 서희스타힐스 106동 301호
상담사: 네 확인 감사합니다 이사 가실 주소 말씀해 주시면 개통 가능 여부 조회 진행해 드리겠습니다
고객: 네 광명시 경기도
상담사: 네 네
고객: 음 경기도 광명시
고객: 잠깐만요
상담사: 아 네 천천히 말씀해 주셔도 됩니다
고객: 636
고객: 경기도 광명시 소하동 936
상담사: 네 지금 성원아파트로 확인되는데 맞으실까요 아 네 동 호수 말씀 부탁드립니다
고객: 네네 102동 608호
상담사:  확인 감사합니다 102동 6층 608호로 접수 진행해 드릴 예정입니다.
","상담사: 이사 전에 지금 현재 설치되어 있는 주소 확인 부탁드립니다
고객: [시흥시:시군구명]
상담사: 네
고객: [군자로 253번길:도로명]  [서희스타힐스:건물명] [106:동정보]동 [301:호정보]호
상담사: 네 확인 감사합니다 이사 가실 주소 말씀해 주시면 개통 가능 여부 조회 진행해 드리겠습니다
고객: 네 [광명시:시군구명] [경기도:시도명]
상담사: 네 네
고객: 음 [경기도:시도명] [광명시:시군구명]
고객: 잠깐만요
상담사: 아 네 천천히 말씀해 주셔도 됩니다
고객: [경기도:시도명] [광명시:시군구명] [소하동:읍면동명] [936:지번본번]
상담사: 네 지금 [성원아파트:건물명]로 확인되는데 맞으실까요 아 네 동 호수 말씀 부탁드립니다
고객: 네네 [102:동정보]동[ 608:호정보]호
상담사:  확인 감사합니다 [102:동정보]동 [6:층정보]층 [608:호정보]호로 접수 진행해 드릴 예정입니다.
","이전설치 상담의 경우 접수를 위해 고객의 
이전주소와 이사할 주소를 모두 탐색하는데 
위경우 주소봇에 이전/이후 주소를 모두 제공해야함"
